#
# A fatal error has been detected by the Java Runtime Environment:
#
#  SIGSEGV (0xb) at pc=0x00007f08dd279e8e, pid=134901, tid=134902
#
# JRE version: OpenJDK Runtime Environment (11.0.27+6) (build 11.0.27+6-post-Ubuntu-0ubuntu120.04)
# Java VM: OpenJDK 64-Bit Server VM (11.0.27+6-post-Ubuntu-0ubuntu120.04, mixed mode, sharing, tiered, compressed oops, g1 gc, linux-amd64)
# Problematic frame:
# C  [libgdx-bullet64.so+0x38fe8e]  Java_com_badlogic_gdx_physics_bullet_collision_CollisionJNI_new_1CollisionObjectWrapper_1_1SWIG_111+0xe
#
# Core dump will be written. Default location: Core dumps may be processed with "/usr/share/apport/apport -p%p -s%s -c%c -d%d -P%P -u%u -g%g -F%F -- %E" (or dumping to /home/cillian/git/myProject/core.134901)
#
# If you would like to submit a bug report, please visit:
#   https://bugs.launchpad.net/ubuntu/+source/openjdk-lts
# The crash happened outside the Java Virtual Machine in native code.
# See problematic frame for where to report the bug.
#

---------------  S U M M A R Y ------------

Command Line: com.yourname.projectname.lwjgl3.Lwjgl3Launcher

Host: Intel(R) Core(TM) i7-8665U CPU @ 1.90GHz, 8 cores, 15G, Ubuntu 20.04.6 LTS
Time: Mon Mar  9 18:04:05 2026 GMT elapsed time: 1.376533 seconds (0d 0h 0m 1s)

---------------  T H R E A D  ---------------

Current thread (0x00007f0944019000):  JavaThread "main" [_thread_in_native, id=134902, stack(0x00007f0949c54000,0x00007f0949d55000)]

Stack: [0x00007f0949c54000,0x00007f0949d55000],  sp=0x00007f0949d53560,  free space=1021k
Native frames: (J=compiled Java code, A=aot compiled Java code, j=interpreted, Vv=VM code, C=native code)
C  [libgdx-bullet64.so+0x38fe8e]  Java_com_badlogic_gdx_physics_bullet_collision_CollisionJNI_new_1CollisionObjectWrapper_1_1SWIG_111+0xe
j  com.badlogic.gdx.physics.bullet.collision.CollisionObjectWrapper.<init>(Lcom/badlogic/gdx/physics/bullet/collision/btCollisionObject;)V+6
j  com.yourname.projectname.Main.checkCollision(Lcom/badlogic/gdx/physics/bullet/collision/btCollisionObject;Lcom/badlogic/gdx/physics/bullet/collision/btCollisionObject;)Z+14
j  com.yourname.projectname.Main.render()V+90
j  com.badlogic.gdx.backends.lwjgl3.Lwjgl3Window.update()Z+282
j  com.badlogic.gdx.backends.lwjgl3.Lwjgl3Application.loop()V+120
j  com.badlogic.gdx.backends.lwjgl3.Lwjgl3Application.<init>(Lcom/badlogic/gdx/ApplicationListener;Lcom/badlogic/gdx/backends/lwjgl3/Lwjgl3ApplicationConfiguration;)V+269
j  com.yourname.projectname.lwjgl3.Lwjgl3Launcher.createApplication()Lcom/badlogic/gdx/backends/lwjgl3/Lwjgl3Application;+14
j  com.yourname.projectname.lwjgl3.Lwjgl3Launcher.main([Ljava/lang/String;)V+7
v  ~StubRoutines::call_stub
V  [libjvm.so+0x871733]  JavaCalls::call_helper(JavaValue*, methodHandle const&, JavaCallArguments*, Thread*)+0x373
V  [libjvm.so+0x8f30d0]  jni_invoke_static(JNIEnv_*, JavaValue*, _jobject*, JNICallType, _jmethodID*, JNI_ArgumentPusher*, Thread*) [clone .constprop.1]+0x280
V  [libjvm.so+0x8f5c08]  jni_CallStaticVoidMethod+0x168
C  [libjli.so+0x5a63]  JavaMain+0xd33
C  [libjli.so+0x9b8d]  ThreadJavaMain+0xd

Java frames: (J=compiled Java code, j=interpreted, Vv=VM code)
j  com.badlogic.gdx.physics.bullet.collision.CollisionJNI.new_CollisionObjectWrapper__SWIG_11(JLcom/badlogic/gdx/physics/bullet/collision/btCollisionObject;)J+0
j  com.badlogic.gdx.physics.bullet.collision.CollisionObjectWrapper.<init>(Lcom/badlogic/gdx/physics/bullet/collision/btCollisionObject;)V+6
j  com.yourname.projectname.Main.checkCollision(Lcom/badlogic/gdx/physics/bullet/collision/btCollisionObject;Lcom/badlogic/gdx/physics/bullet/collision/btCollisionObject;)Z+14
j  com.yourname.projectname.Main.render()V+90
j  com.badlogic.gdx.backends.lwjgl3.Lwjgl3Window.update()Z+282
j  com.badlogic.gdx.backends.lwjgl3.Lwjgl3Application.loop()V+120
j  com.badlogic.gdx.backends.lwjgl3.Lwjgl3Application.<init>(Lcom/badlogic/gdx/ApplicationListener;Lcom/badlogic/gdx/backends/lwjgl3/Lwjgl3ApplicationConfiguration;)V+269
j  com.yourname.projectname.lwjgl3.Lwjgl3Launcher.createApplication()Lcom/badlogic/gdx/backends/lwjgl3/Lwjgl3Application;+14
j  com.yourname.projectname.lwjgl3.Lwjgl3Launcher.main([Ljava/lang/String;)V+7
v  ~StubRoutines::call_stub

siginfo: si_signo: 11 (SIGSEGV), si_code: 1 (SEGV_MAPERR), si_addr: 0x00000000000000c8

Register to memory mapping:

RAX=0x00007f0944cc4ad0 points into unknown readable memory: 0x00007f0944cc54f0 | f0 54 cc 44 09 7f 00 00
RBX=0x0 is NULL
RCX=0x00007f09440008d2 points into unknown readable memory: 01 00 01 00 00 00
RDX=0x0000000000000001 is an unknown value
RSP=0x00007f0949d53560 is pointing into the stack for thread: 0x00007f0944019000
RBP=0x00007f0949d535d0 is pointing into the stack for thread: 0x00007f0944019000
RSI=0x00007f0944cc54f0 points into unknown readable memory: 0x0000000000000000 | 00 00 00 00 00 00 00 00
RDI=0x0000000000000028 is an unknown value
R8 =0x00007f0944cc4ad0 points into unknown readable memory: 0x00007f0944cc54f0 | f0 54 cc 44 09 7f 00 00
R9 =0x0000000000000002 is an unknown value
R10=0x00007f092c7cea01 is at code_begin+897 in an Interpreter codelet
method entry point (kind = native)  [0x00007f092c7ce680, 0x00007f092c7cf000]  2432 bytes
R11=0x000000071895fc38 points into unknown readable memory: 0x0000007e0e6aa201 | 01 a2 6a 0e 7e 00 00 00
R12=0x0 is NULL
R13={method} {0x00007f09197d7238} 'new_CollisionObjectWrapper__SWIG_11' '(JLcom/badlogic/gdx/physics/bullet/collision/btCollisionObject;)J' in 'com/badlogic/gdx/physics/bullet/collision/CollisionJNI'
R14=0x00007f0949d53600 is pointing into the stack for thread: 0x00007f0944019000
R15=0x00007f0944019000 is a thread


Registers:
RAX=0x00007f0944cc4ad0, RBX=0x0000000000000000, RCX=0x00007f09440008d2, RDX=0x0000000000000001
RSP=0x00007f0949d53560, RBP=0x00007f0949d535d0, RSI=0x00007f0944cc54f0, RDI=0x0000000000000028
R8 =0x00007f0944cc4ad0, R9 =0x0000000000000002, R10=0x00007f092c7cea01, R11=0x000000071895fc38
R12=0x0000000000000000, R13=0x00007f09197d7238, R14=0x00007f0949d53600, R15=0x00007f0944019000
RIP=0x00007f08dd279e8e, EFLAGS=0x0000000000010202, CSGSFS=0x002b000000000033, ERR=0x0000000000000004
  TRAPNO=0x000000000000000e

Top of Stack: (sp=0x00007f0949d53560)
0x00007f0949d53560:   00007f09197d7238 00007f092c7cea30
0x00007f0949d53570:   0000000000000000 00007f0949d53590
0x00007f0949d53580:   00007f0949d535e0 00007f0949d53588
0x00007f0949d53590:   0000000000000000 00007f0949d53600 

Instructions: (pc=0x00007f08dd279e8e)
0x00007f08dd279d8e:   48 83 c4 08 5b 5d c3 90 66 2e 0f 1f 84 00 00 00
0x00007f08dd279d9e:   00 00 55 53 bf 28 00 00 00 4c 89 c3 48 89 d5 48
0x00007f08dd279dae:   83 ec 08 e8 8a 34 e2 ff 48 8b 8b c8 00 00 00 48
0x00007f08dd279dbe:   89 58 10 48 83 c3 08 48 89 28 48 89 58 18 48 c7
0x00007f08dd279dce:   40 20 ff ff ff ff 48 89 48 08 48 83 c4 08 5b 5d
0x00007f08dd279dde:   c3 90 41 54 55 bf 28 00 00 00 53 48 89 d3 45 89
0x00007f08dd279dee:   c4 44 89 cd e8 49 34 e2 ff 48 8b 93 c8 00 00 00
0x00007f08dd279dfe:   48 89 58 10 48 83 c3 08 48 c7 00 00 00 00 00 48
0x00007f08dd279e0e:   89 58 18 44 89 60 20 89 68 24 48 89 50 08 5b 5d
0x00007f08dd279e1e:   41 5c c3 0f 1f 44 00 00 66 2e 0f 1f 84 00 00 00
0x00007f08dd279e2e:   00 00 55 53 bf 28 00 00 00 48 89 d3 44 89 c5 48
0x00007f08dd279e3e:   83 ec 08 e8 fa 33 e2 ff 48 8b 93 c8 00 00 00 48
0x00007f08dd279e4e:   89 58 10 48 83 c3 08 48 c7 00 00 00 00 00 48 89
0x00007f08dd279e5e:   58 18 89 68 20 c7 40 24 ff ff ff ff 48 89 50 08
0x00007f08dd279e6e:   48 83 c4 08 5b 5d c3 90 66 2e 0f 1f 84 00 00 00
0x00007f08dd279e7e:   00 00 53 bf 28 00 00 00 48 89 d3 e8 b2 33 e2 ff
0x00007f08dd279e8e:   48 8b 93 c8 00 00 00 48 89 58 10 48 83 c3 08 48
0x00007f08dd279e9e:   c7 00 00 00 00 00 48 89 58 18 48 c7 40 20 ff ff
0x00007f08dd279eae:   ff ff 48 89 50 08 5b c3 66 2e 0f 1f 84 00 00 00
0x00007f08dd279ebe:   00 00 48 89 d0 c3 66 90 66 2e 0f 1f 84 00 00 00
0x00007f08dd279ece:   00 00 be 28 00 00 00 48 89 d7 e9 a3 34 e2 ff 0f
0x00007f08dd279ede:   1f 00 48 85 d2 74 07 45 84 c0 0f 95 42 08 f3 c3
0x00007f08dd279eee:   66 90 0f b6 42 08 c3 90 66 2e 0f 1f 84 00 00 00
0x00007f08dd279efe:   00 00 48 83 ec 08 bf 10 00 00 00 e8 32 33 e2 ff
0x00007f08dd279f0e:   48 8b 15 43 26 37 00 c6 40 08 00 48 83 c2 10 48
0x00007f08dd279f1e:   89 10 48 83 c4 08 c3 90 66 2e 0f 1f 84 00 00 00
0x00007f08dd279f2e:   00 00 48 85 d2 75 0b f3 c3 66 0f 1f 84 00 00 00
0x00007f08dd279f3e:   00 00 48 8b 02 48 89 d7 48 8b 40 08 ff e0 0f 1f
0x00007f08dd279f4e:   40 00 48 83 ec 08 4d 85 c0 48 89 d0 48 8b 4c 24
0x00007f08dd279f5e:   20 48 8b 54 24 10 74 1a 48 8b 30 48 89 c7 4c 8b
0x00007f08dd279f6e:   4e 10 4c 89 c6 48 83 c4 08 41 ff e1 66 0f 1f 44
0x00007f08dd279f7e:   00 00 48 8d 15 c9 2a 0d 00 be 07 00 00 00 e8 6f 


Stack slot to memory mapping:
stack at sp + 0 slots: {method} {0x00007f09197d7238} 'new_CollisionObjectWrapper__SWIG_11' '(JLcom/badlogic/gdx/physics/bullet/collision/btCollisionObject;)J' in 'com/badlogic/gdx/physics/bullet/collision/CollisionJNI'
stack at sp + 1 slots: 0x00007f092c7cea30 is at code_begin+944 in an Interpreter codelet
method entry point (kind = native)  [0x00007f092c7ce680, 0x00007f092c7cf000]  2432 bytes
stack at sp + 2 slots: 0x0 is NULL
stack at sp + 3 slots: 0x00007f0949d53590 is pointing into the stack for thread: 0x00007f0944019000
stack at sp + 4 slots: 0x00007f0949d535e0 is pointing into the stack for thread: 0x00007f0944019000
stack at sp + 5 slots: 0x00007f0949d53588 is pointing into the stack for thread: 0x00007f0944019000
stack at sp + 6 slots: 0x0 is NULL
stack at sp + 7 slots: 0x00007f0949d53600 is pointing into the stack for thread: 0x00007f0944019000


---------------  P R O C E S S  ---------------

Threads class SMR info:
_java_thread_list=0x00007f08f4221080, length=11, elements={
0x00007f0944019000, 0x00007f09441ce800, 0x00007f09441d0800, 0x00007f09441d6000,
0x00007f09441d8000, 0x00007f09441da000, 0x00007f09441dc800, 0x00007f09441de800,
0x00007f0944219800, 0x00007f0944936000, 0x00007f08f4220000
}

Java Threads: ( => current thread )
=>0x00007f0944019000 JavaThread "main" [_thread_in_native, id=134902, stack(0x00007f0949c54000,0x00007f0949d55000)]
  0x00007f09441ce800 JavaThread "Reference Handler" daemon [_thread_blocked, id=134910, stack(0x00007f0918d75000,0x00007f0918e76000)]
  0x00007f09441d0800 JavaThread "Finalizer" daemon [_thread_blocked, id=134911, stack(0x00007f0918c74000,0x00007f0918d75000)]
  0x00007f09441d6000 JavaThread "Signal Dispatcher" daemon [_thread_blocked, id=134912, stack(0x00007f0918603000,0x00007f0918704000)]
  0x00007f09441d8000 JavaThread "Service Thread" daemon [_thread_blocked, id=134913, stack(0x00007f0918502000,0x00007f0918603000)]
  0x00007f09441da000 JavaThread "C2 CompilerThread0" daemon [_thread_blocked, id=134914, stack(0x00007f0918401000,0x00007f0918502000)]
  0x00007f09441dc800 JavaThread "C1 CompilerThread0" daemon [_thread_blocked, id=134915, stack(0x00007f0918300000,0x00007f0918401000)]
  0x00007f09441de800 JavaThread "Sweeper thread" daemon [_thread_blocked, id=134916, stack(0x00007f09181ff000,0x00007f0918300000)]
  0x00007f0944219800 JavaThread "Common-Cleaner" daemon [_thread_blocked, id=134918, stack(0x00007f08e7eff000,0x00007f08e8000000)]
  0x00007f0944936000 JavaThread "Thread-0" daemon [_thread_blocked, id=134984, stack(0x00007f08e4b50000,0x00007f08e4c51000)]
  0x00007f08f4220000 JavaThread "C2 CompilerThread1" daemon [_thread_blocked, id=135017, stack(0x00007f08e7dfe000,0x00007f08e7eff000)]

Other Threads:
  0x00007f09441cb800 VMThread "VM Thread" [stack: 0x00007f0918e77000,0x00007f0918f77000] [id=134908]
  0x00007f0944217000 WatcherThread [stack: 0x00007f09180ff000,0x00007f09181ff000] [id=134917]
  0x00007f0944030800 GCTaskThread "GC Thread#0" [stack: 0x00007f0949908000,0x00007f0949a08000] [id=134903]
  0x00007f090c001000 GCTaskThread "GC Thread#1" [stack: 0x00007f08dcdea000,0x00007f08dceea000] [id=135018]
  0x00007f090c002800 GCTaskThread "GC Thread#2" [stack: 0x00007f08dcce9000,0x00007f08dcde9000] [id=135019]
  0x00007f090c004000 GCTaskThread "GC Thread#3" [stack: 0x00007f08dcbe8000,0x00007f08dcce8000] [id=135020]
  0x00007f090c006000 GCTaskThread "GC Thread#4" [stack: 0x00007f08dcae7000,0x00007f08dcbe7000] [id=135021]
  0x00007f090c008000 GCTaskThread "GC Thread#5" [stack: 0x00007f08dc9e6000,0x00007f08dcae6000] [id=135022]
  0x00007f094408e000 ConcurrentGCThread "G1 Main Marker" [stack: 0x00007f0920390000,0x00007f0920490000] [id=134904]
  0x00007f0944090000 ConcurrentGCThread "G1 Conc#0" [stack: 0x00007f092028f000,0x00007f092038f000] [id=134905]
  0x00007f094418e000 ConcurrentGCThread "G1 Refine#0" [stack: 0x00007f09198fa000,0x00007f09199fa000] [id=134906]
  0x00007f0944190000 ConcurrentGCThread "G1 Young RemSet Sampling" [stack: 0x00007f09197f9000,0x00007f09198f9000] [id=134907]

Threads with active compile tasks:

VM state:not at safepoint (normal execution)

VM Mutex/Monitor currently owned by a thread: None

Heap address: 0x0000000709200000, size: 3950 MB, Compressed Oops mode: Zero based, Oop shift amount: 3
Narrow klass base: 0x0000000800000000, Narrow klass shift: 3
Compressed class space size: 1073741824 Address: 0x0000000840000000

Heap:
 garbage-first heap   total 256000K, used 5872K [0x0000000709200000, 0x0000000800000000)
  region size 1024K, 8 young (8192K), 3 survivors (3072K)
 Metaspace       used 7353K, capacity 9900K, committed 10240K, reserved 1058816K
  class space    used 484K, capacity 754K, committed 768K, reserved 1048576K
Heap Regions: E=young(eden), S=young(survivor), O=old, HS=humongous(starts), HC=humongous(continues), CS=collection set, F=free, A=archive, TAMS=top-at-mark-start (previous, next)
|   0|0x0000000709200000, 0x0000000709200000, 0x0000000709300000|  0%| F|  |TAMS 0x0000000709200000, 0x0000000709200000| Untracked 
|   1|0x0000000709300000, 0x0000000709300000, 0x0000000709400000|  0%| F|  |TAMS 0x0000000709300000, 0x0000000709300000| Untracked 
|   2|0x0000000709400000, 0x0000000709400000, 0x0000000709500000|  0%| F|  |TAMS 0x0000000709400000, 0x0000000709400000| Untracked 
|   3|0x0000000709500000, 0x0000000709500000, 0x0000000709600000|  0%| F|  |TAMS 0x0000000709500000, 0x0000000709500000| Untracked 
|   4|0x0000000709600000, 0x0000000709600000, 0x0000000709700000|  0%| F|  |TAMS 0x0000000709600000, 0x0000000709600000| Untracked 
|   5|0x0000000709700000, 0x0000000709700000, 0x0000000709800000|  0%| F|  |TAMS 0x0000000709700000, 0x0000000709700000| Untracked 
|   6|0x0000000709800000, 0x0000000709800000, 0x0000000709900000|  0%| F|  |TAMS 0x0000000709800000, 0x0000000709800000| Untracked 
|   7|0x0000000709900000, 0x0000000709900000, 0x0000000709a00000|  0%| F|  |TAMS 0x0000000709900000, 0x0000000709900000| Untracked 
|   8|0x0000000709a00000, 0x0000000709a00000, 0x0000000709b00000|  0%| F|  |TAMS 0x0000000709a00000, 0x0000000709a00000| Untracked 
|   9|0x0000000709b00000, 0x0000000709b00000, 0x0000000709c00000|  0%| F|  |TAMS 0x0000000709b00000, 0x0000000709b00000| Untracked 
|  10|0x0000000709c00000, 0x0000000709c00000, 0x0000000709d00000|  0%| F|  |TAMS 0x0000000709c00000, 0x0000000709c00000| Untracked 
|  11|0x0000000709d00000, 0x0000000709d00000, 0x0000000709e00000|  0%| F|  |TAMS 0x0000000709d00000, 0x0000000709d00000| Untracked 
|  12|0x0000000709e00000, 0x0000000709e00000, 0x0000000709f00000|  0%| F|  |TAMS 0x0000000709e00000, 0x0000000709e00000| Untracked 
|  13|0x0000000709f00000, 0x0000000709f00000, 0x000000070a000000|  0%| F|  |TAMS 0x0000000709f00000, 0x0000000709f00000| Untracked 
|  14|0x000000070a000000, 0x000000070a000000, 0x000000070a100000|  0%| F|  |TAMS 0x000000070a000000, 0x000000070a000000| Untracked 
|  15|0x000000070a100000, 0x000000070a100000, 0x000000070a200000|  0%| F|  |TAMS 0x000000070a100000, 0x000000070a100000| Untracked 
|  16|0x000000070a200000, 0x000000070a200000, 0x000000070a300000|  0%| F|  |TAMS 0x000000070a200000, 0x000000070a200000| Untracked 
|  17|0x000000070a300000, 0x000000070a300000, 0x000000070a400000|  0%| F|  |TAMS 0x000000070a300000, 0x000000070a300000| Untracked 
|  18|0x000000070a400000, 0x000000070a400000, 0x000000070a500000|  0%| F|  |TAMS 0x000000070a400000, 0x000000070a400000| Untracked 
|  19|0x000000070a500000, 0x000000070a500000, 0x000000070a600000|  0%| F|  |TAMS 0x000000070a500000, 0x000000070a500000| Untracked 
|  20|0x000000070a600000, 0x000000070a600000, 0x000000070a700000|  0%| F|  |TAMS 0x000000070a600000, 0x000000070a600000| Untracked 
|  21|0x000000070a700000, 0x000000070a700000, 0x000000070a800000|  0%| F|  |TAMS 0x000000070a700000, 0x000000070a700000| Untracked 
|  22|0x000000070a800000, 0x000000070a800000, 0x000000070a900000|  0%| F|  |TAMS 0x000000070a800000, 0x000000070a800000| Untracked 
|  23|0x000000070a900000, 0x000000070a900000, 0x000000070aa00000|  0%| F|  |TAMS 0x000000070a900000, 0x000000070a900000| Untracked 
|  24|0x000000070aa00000, 0x000000070aa00000, 0x000000070ab00000|  0%| F|  |TAMS 0x000000070aa00000, 0x000000070aa00000| Untracked 
|  25|0x000000070ab00000, 0x000000070ab00000, 0x000000070ac00000|  0%| F|  |TAMS 0x000000070ab00000, 0x000000070ab00000| Untracked 
|  26|0x000000070ac00000, 0x000000070ac00000, 0x000000070ad00000|  0%| F|  |TAMS 0x000000070ac00000, 0x000000070ac00000| Untracked 
|  27|0x000000070ad00000, 0x000000070ad00000, 0x000000070ae00000|  0%| F|  |TAMS 0x000000070ad00000, 0x000000070ad00000| Untracked 
|  28|0x000000070ae00000, 0x000000070ae00000, 0x000000070af00000|  0%| F|  |TAMS 0x000000070ae00000, 0x000000070ae00000| Untracked 
|  29|0x000000070af00000, 0x000000070af00000, 0x000000070b000000|  0%| F|  |TAMS 0x000000070af00000, 0x000000070af00000| Untracked 
|  30|0x000000070b000000, 0x000000070b000000, 0x000000070b100000|  0%| F|  |TAMS 0x000000070b000000, 0x000000070b000000| Untracked 
|  31|0x000000070b100000, 0x000000070b100000, 0x000000070b200000|  0%| F|  |TAMS 0x000000070b100000, 0x000000070b100000| Untracked 
|  32|0x000000070b200000, 0x000000070b200000, 0x000000070b300000|  0%| F|  |TAMS 0x000000070b200000, 0x000000070b200000| Untracked 
|  33|0x000000070b300000, 0x000000070b300000, 0x000000070b400000|  0%| F|  |TAMS 0x000000070b300000, 0x000000070b300000| Untracked 
|  34|0x000000070b400000, 0x000000070b400000, 0x000000070b500000|  0%| F|  |TAMS 0x000000070b400000, 0x000000070b400000| Untracked 
|  35|0x000000070b500000, 0x000000070b500000, 0x000000070b600000|  0%| F|  |TAMS 0x000000070b500000, 0x000000070b500000| Untracked 
|  36|0x000000070b600000, 0x000000070b600000, 0x000000070b700000|  0%| F|  |TAMS 0x000000070b600000, 0x000000070b600000| Untracked 
|  37|0x000000070b700000, 0x000000070b700000, 0x000000070b800000|  0%| F|  |TAMS 0x000000070b700000, 0x000000070b700000| Untracked 
|  38|0x000000070b800000, 0x000000070b800000, 0x000000070b900000|  0%| F|  |TAMS 0x000000070b800000, 0x000000070b800000| Untracked 
|  39|0x000000070b900000, 0x000000070b900000, 0x000000070ba00000|  0%| F|  |TAMS 0x000000070b900000, 0x000000070b900000| Untracked 
|  40|0x000000070ba00000, 0x000000070ba00000, 0x000000070bb00000|  0%| F|  |TAMS 0x000000070ba00000, 0x000000070ba00000| Untracked 
|  41|0x000000070bb00000, 0x000000070bb00000, 0x000000070bc00000|  0%| F|  |TAMS 0x000000070bb00000, 0x000000070bb00000| Untracked 
|  42|0x000000070bc00000, 0x000000070bc00000, 0x000000070bd00000|  0%| F|  |TAMS 0x000000070bc00000, 0x000000070bc00000| Untracked 
|  43|0x000000070bd00000, 0x000000070bd00000, 0x000000070be00000|  0%| F|  |TAMS 0x000000070bd00000, 0x000000070bd00000| Untracked 
|  44|0x000000070be00000, 0x000000070be00000, 0x000000070bf00000|  0%| F|  |TAMS 0x000000070be00000, 0x000000070be00000| Untracked 
|  45|0x000000070bf00000, 0x000000070bf00000, 0x000000070c000000|  0%| F|  |TAMS 0x000000070bf00000, 0x000000070bf00000| Untracked 
|  46|0x000000070c000000, 0x000000070c000000, 0x000000070c100000|  0%| F|  |TAMS 0x000000070c000000, 0x000000070c000000| Untracked 
|  47|0x000000070c100000, 0x000000070c100000, 0x000000070c200000|  0%| F|  |TAMS 0x000000070c100000, 0x000000070c100000| Untracked 
|  48|0x000000070c200000, 0x000000070c200000, 0x000000070c300000|  0%| F|  |TAMS 0x000000070c200000, 0x000000070c200000| Untracked 
|  49|0x000000070c300000, 0x000000070c300000, 0x000000070c400000|  0%| F|  |TAMS 0x000000070c300000, 0x000000070c300000| Untracked 
|  50|0x000000070c400000, 0x000000070c400000, 0x000000070c500000|  0%| F|  |TAMS 0x000000070c400000, 0x000000070c400000| Untracked 
|  51|0x000000070c500000, 0x000000070c500000, 0x000000070c600000|  0%| F|  |TAMS 0x000000070c500000, 0x000000070c500000| Untracked 
|  52|0x000000070c600000, 0x000000070c600000, 0x000000070c700000|  0%| F|  |TAMS 0x000000070c600000, 0x000000070c600000| Untracked 
|  53|0x000000070c700000, 0x000000070c700000, 0x000000070c800000|  0%| F|  |TAMS 0x000000070c700000, 0x000000070c700000| Untracked 
|  54|0x000000070c800000, 0x000000070c800000, 0x000000070c900000|  0%| F|  |TAMS 0x000000070c800000, 0x000000070c800000| Untracked 
|  55|0x000000070c900000, 0x000000070c900000, 0x000000070ca00000|  0%| F|  |TAMS 0x000000070c900000, 0x000000070c900000| Untracked 
|  56|0x000000070ca00000, 0x000000070ca00000, 0x000000070cb00000|  0%| F|  |TAMS 0x000000070ca00000, 0x000000070ca00000| Untracked 
|  57|0x000000070cb00000, 0x000000070cb00000, 0x000000070cc00000|  0%| F|  |TAMS 0x000000070cb00000, 0x000000070cb00000| Untracked 
|  58|0x000000070cc00000, 0x000000070cc00000, 0x000000070cd00000|  0%| F|  |TAMS 0x000000070cc00000, 0x000000070cc00000| Untracked 
|  59|0x000000070cd00000, 0x000000070cd00000, 0x000000070ce00000|  0%| F|  |TAMS 0x000000070cd00000, 0x000000070cd00000| Untracked 
|  60|0x000000070ce00000, 0x000000070ce00000, 0x000000070cf00000|  0%| F|  |TAMS 0x000000070ce00000, 0x000000070ce00000| Untracked 
|  61|0x000000070cf00000, 0x000000070cf00000, 0x000000070d000000|  0%| F|  |TAMS 0x000000070cf00000, 0x000000070cf00000| Untracked 
|  62|0x000000070d000000, 0x000000070d000000, 0x000000070d100000|  0%| F|  |TAMS 0x000000070d000000, 0x000000070d000000| Untracked 
|  63|0x000000070d100000, 0x000000070d100000, 0x000000070d200000|  0%| F|  |TAMS 0x000000070d100000, 0x000000070d100000| Untracked 
|  64|0x000000070d200000, 0x000000070d200000, 0x000000070d300000|  0%| F|  |TAMS 0x000000070d200000, 0x000000070d200000| Untracked 
|  65|0x000000070d300000, 0x000000070d300000, 0x000000070d400000|  0%| F|  |TAMS 0x000000070d300000, 0x000000070d300000| Untracked 
|  66|0x000000070d400000, 0x000000070d400000, 0x000000070d500000|  0%| F|  |TAMS 0x000000070d400000, 0x000000070d400000| Untracked 
|  67|0x000000070d500000, 0x000000070d500000, 0x000000070d600000|  0%| F|  |TAMS 0x000000070d500000, 0x000000070d500000| Untracked 
|  68|0x000000070d600000, 0x000000070d600000, 0x000000070d700000|  0%| F|  |TAMS 0x000000070d600000, 0x000000070d600000| Untracked 
|  69|0x000000070d700000, 0x000000070d700000, 0x000000070d800000|  0%| F|  |TAMS 0x000000070d700000, 0x000000070d700000| Untracked 
|  70|0x000000070d800000, 0x000000070d800000, 0x000000070d900000|  0%| F|  |TAMS 0x000000070d800000, 0x000000070d800000| Untracked 
|  71|0x000000070d900000, 0x000000070d900000, 0x000000070da00000|  0%| F|  |TAMS 0x000000070d900000, 0x000000070d900000| Untracked 
|  72|0x000000070da00000, 0x000000070da00000, 0x000000070db00000|  0%| F|  |TAMS 0x000000070da00000, 0x000000070da00000| Untracked 
|  73|0x000000070db00000, 0x000000070db00000, 0x000000070dc00000|  0%| F|  |TAMS 0x000000070db00000, 0x000000070db00000| Untracked 
|  74|0x000000070dc00000, 0x000000070dc00000, 0x000000070dd00000|  0%| F|  |TAMS 0x000000070dc00000, 0x000000070dc00000| Untracked 
|  75|0x000000070dd00000, 0x000000070dd00000, 0x000000070de00000|  0%| F|  |TAMS 0x000000070dd00000, 0x000000070dd00000| Untracked 
|  76|0x000000070de00000, 0x000000070de00000, 0x000000070df00000|  0%| F|  |TAMS 0x000000070de00000, 0x000000070de00000| Untracked 
|  77|0x000000070df00000, 0x000000070df00000, 0x000000070e000000|  0%| F|  |TAMS 0x000000070df00000, 0x000000070df00000| Untracked 
|  78|0x000000070e000000, 0x000000070e000000, 0x000000070e100000|  0%| F|  |TAMS 0x000000070e000000, 0x000000070e000000| Untracked 
|  79|0x000000070e100000, 0x000000070e100000, 0x000000070e200000|  0%| F|  |TAMS 0x000000070e100000, 0x000000070e100000| Untracked 
|  80|0x000000070e200000, 0x000000070e200000, 0x000000070e300000|  0%| F|  |TAMS 0x000000070e200000, 0x000000070e200000| Untracked 
|  81|0x000000070e300000, 0x000000070e300000, 0x000000070e400000|  0%| F|  |TAMS 0x000000070e300000, 0x000000070e300000| Untracked 
|  82|0x000000070e400000, 0x000000070e400000, 0x000000070e500000|  0%| F|  |TAMS 0x000000070e400000, 0x000000070e400000| Untracked 
|  83|0x000000070e500000, 0x000000070e500000, 0x000000070e600000|  0%| F|  |TAMS 0x000000070e500000, 0x000000070e500000| Untracked 
|  84|0x000000070e600000, 0x000000070e600000, 0x000000070e700000|  0%| F|  |TAMS 0x000000070e600000, 0x000000070e600000| Untracked 
|  85|0x000000070e700000, 0x000000070e700000, 0x000000070e800000|  0%| F|  |TAMS 0x000000070e700000, 0x000000070e700000| Untracked 
|  86|0x000000070e800000, 0x000000070e800000, 0x000000070e900000|  0%| F|  |TAMS 0x000000070e800000, 0x000000070e800000| Untracked 
|  87|0x000000070e900000, 0x000000070e900000, 0x000000070ea00000|  0%| F|  |TAMS 0x000000070e900000, 0x000000070e900000| Untracked 
|  88|0x000000070ea00000, 0x000000070ea00000, 0x000000070eb00000|  0%| F|  |TAMS 0x000000070ea00000, 0x000000070ea00000| Untracked 
|  89|0x000000070eb00000, 0x000000070eb00000, 0x000000070ec00000|  0%| F|  |TAMS 0x000000070eb00000, 0x000000070eb00000| Untracked 
|  90|0x000000070ec00000, 0x000000070ec00000, 0x000000070ed00000|  0%| F|  |TAMS 0x000000070ec00000, 0x000000070ec00000| Untracked 
|  91|0x000000070ed00000, 0x000000070ed00000, 0x000000070ee00000|  0%| F|  |TAMS 0x000000070ed00000, 0x000000070ed00000| Untracked 
|  92|0x000000070ee00000, 0x000000070ee00000, 0x000000070ef00000|  0%| F|  |TAMS 0x000000070ee00000, 0x000000070ee00000| Untracked 
|  93|0x000000070ef00000, 0x000000070ef00000, 0x000000070f000000|  0%| F|  |TAMS 0x000000070ef00000, 0x000000070ef00000| Untracked 
|  94|0x000000070f000000, 0x000000070f000000, 0x000000070f100000|  0%| F|  |TAMS 0x000000070f000000, 0x000000070f000000| Untracked 
|  95|0x000000070f100000, 0x000000070f100000, 0x000000070f200000|  0%| F|  |TAMS 0x000000070f100000, 0x000000070f100000| Untracked 
|  96|0x000000070f200000, 0x000000070f200000, 0x000000070f300000|  0%| F|  |TAMS 0x000000070f200000, 0x000000070f200000| Untracked 
|  97|0x000000070f300000, 0x000000070f300000, 0x000000070f400000|  0%| F|  |TAMS 0x000000070f300000, 0x000000070f300000| Untracked 
|  98|0x000000070f400000, 0x000000070f400000, 0x000000070f500000|  0%| F|  |TAMS 0x000000070f400000, 0x000000070f400000| Untracked 
|  99|0x000000070f500000, 0x000000070f500000, 0x000000070f600000|  0%| F|  |TAMS 0x000000070f500000, 0x000000070f500000| Untracked 
| 100|0x000000070f600000, 0x000000070f600000, 0x000000070f700000|  0%| F|  |TAMS 0x000000070f600000, 0x000000070f600000| Untracked 
| 101|0x000000070f700000, 0x000000070f700000, 0x000000070f800000|  0%| F|  |TAMS 0x000000070f700000, 0x000000070f700000| Untracked 
| 102|0x000000070f800000, 0x000000070f800000, 0x000000070f900000|  0%| F|  |TAMS 0x000000070f800000, 0x000000070f800000| Untracked 
| 103|0x000000070f900000, 0x000000070f900000, 0x000000070fa00000|  0%| F|  |TAMS 0x000000070f900000, 0x000000070f900000| Untracked 
| 104|0x000000070fa00000, 0x000000070fa00000, 0x000000070fb00000|  0%| F|  |TAMS 0x000000070fa00000, 0x000000070fa00000| Untracked 
| 105|0x000000070fb00000, 0x000000070fb00000, 0x000000070fc00000|  0%| F|  |TAMS 0x000000070fb00000, 0x000000070fb00000| Untracked 
| 106|0x000000070fc00000, 0x000000070fc00000, 0x000000070fd00000|  0%| F|  |TAMS 0x000000070fc00000, 0x000000070fc00000| Untracked 
| 107|0x000000070fd00000, 0x000000070fd00000, 0x000000070fe00000|  0%| F|  |TAMS 0x000000070fd00000, 0x000000070fd00000| Untracked 
| 108|0x000000070fe00000, 0x000000070fe00000, 0x000000070ff00000|  0%| F|  |TAMS 0x000000070fe00000, 0x000000070fe00000| Untracked 
| 109|0x000000070ff00000, 0x000000070ff00000, 0x0000000710000000|  0%| F|  |TAMS 0x000000070ff00000, 0x000000070ff00000| Untracked 
| 110|0x0000000710000000, 0x0000000710000000, 0x0000000710100000|  0%| F|  |TAMS 0x0000000710000000, 0x0000000710000000| Untracked 
| 111|0x0000000710100000, 0x0000000710100000, 0x0000000710200000|  0%| F|  |TAMS 0x0000000710100000, 0x0000000710100000| Untracked 
| 112|0x0000000710200000, 0x0000000710200000, 0x0000000710300000|  0%| F|  |TAMS 0x0000000710200000, 0x0000000710200000| Untracked 
| 113|0x0000000710300000, 0x0000000710300000, 0x0000000710400000|  0%| F|  |TAMS 0x0000000710300000, 0x0000000710300000| Untracked 
| 114|0x0000000710400000, 0x0000000710400000, 0x0000000710500000|  0%| F|  |TAMS 0x0000000710400000, 0x0000000710400000| Untracked 
| 115|0x0000000710500000, 0x0000000710500000, 0x0000000710600000|  0%| F|  |TAMS 0x0000000710500000, 0x0000000710500000| Untracked 
| 116|0x0000000710600000, 0x0000000710600000, 0x0000000710700000|  0%| F|  |TAMS 0x0000000710600000, 0x0000000710600000| Untracked 
| 117|0x0000000710700000, 0x0000000710700000, 0x0000000710800000|  0%| F|  |TAMS 0x0000000710700000, 0x0000000710700000| Untracked 
| 118|0x0000000710800000, 0x0000000710800000, 0x0000000710900000|  0%| F|  |TAMS 0x0000000710800000, 0x0000000710800000| Untracked 
| 119|0x0000000710900000, 0x0000000710900000, 0x0000000710a00000|  0%| F|  |TAMS 0x0000000710900000, 0x0000000710900000| Untracked 
| 120|0x0000000710a00000, 0x0000000710a00000, 0x0000000710b00000|  0%| F|  |TAMS 0x0000000710a00000, 0x0000000710a00000| Untracked 
| 121|0x0000000710b00000, 0x0000000710b00000, 0x0000000710c00000|  0%| F|  |TAMS 0x0000000710b00000, 0x0000000710b00000| Untracked 
| 122|0x0000000710c00000, 0x0000000710c00000, 0x0000000710d00000|  0%| F|  |TAMS 0x0000000710c00000, 0x0000000710c00000| Untracked 
| 123|0x0000000710d00000, 0x0000000710d00000, 0x0000000710e00000|  0%| F|  |TAMS 0x0000000710d00000, 0x0000000710d00000| Untracked 
| 124|0x0000000710e00000, 0x0000000710e00000, 0x0000000710f00000|  0%| F|  |TAMS 0x0000000710e00000, 0x0000000710e00000| Untracked 
| 125|0x0000000710f00000, 0x0000000710f00000, 0x0000000711000000|  0%| F|  |TAMS 0x0000000710f00000, 0x0000000710f00000| Untracked 
| 126|0x0000000711000000, 0x0000000711000000, 0x0000000711100000|  0%| F|  |TAMS 0x0000000711000000, 0x0000000711000000| Untracked 
| 127|0x0000000711100000, 0x0000000711100000, 0x0000000711200000|  0%| F|  |TAMS 0x0000000711100000, 0x0000000711100000| Untracked 
| 128|0x0000000711200000, 0x0000000711200000, 0x0000000711300000|  0%| F|  |TAMS 0x0000000711200000, 0x0000000711200000| Untracked 
| 129|0x0000000711300000, 0x0000000711300000, 0x0000000711400000|  0%| F|  |TAMS 0x0000000711300000, 0x0000000711300000| Untracked 
| 130|0x0000000711400000, 0x0000000711400000, 0x0000000711500000|  0%| F|  |TAMS 0x0000000711400000, 0x0000000711400000| Untracked 
| 131|0x0000000711500000, 0x0000000711500000, 0x0000000711600000|  0%| F|  |TAMS 0x0000000711500000, 0x0000000711500000| Untracked 
| 132|0x0000000711600000, 0x0000000711600000, 0x0000000711700000|  0%| F|  |TAMS 0x0000000711600000, 0x0000000711600000| Untracked 
| 133|0x0000000711700000, 0x0000000711700000, 0x0000000711800000|  0%| F|  |TAMS 0x0000000711700000, 0x0000000711700000| Untracked 
| 134|0x0000000711800000, 0x0000000711800000, 0x0000000711900000|  0%| F|  |TAMS 0x0000000711800000, 0x0000000711800000| Untracked 
| 135|0x0000000711900000, 0x0000000711900000, 0x0000000711a00000|  0%| F|  |TAMS 0x0000000711900000, 0x0000000711900000| Untracked 
| 136|0x0000000711a00000, 0x0000000711a00000, 0x0000000711b00000|  0%| F|  |TAMS 0x0000000711a00000, 0x0000000711a00000| Untracked 
| 137|0x0000000711b00000, 0x0000000711b00000, 0x0000000711c00000|  0%| F|  |TAMS 0x0000000711b00000, 0x0000000711b00000| Untracked 
| 138|0x0000000711c00000, 0x0000000711c00000, 0x0000000711d00000|  0%| F|  |TAMS 0x0000000711c00000, 0x0000000711c00000| Untracked 
| 139|0x0000000711d00000, 0x0000000711d00000, 0x0000000711e00000|  0%| F|  |TAMS 0x0000000711d00000, 0x0000000711d00000| Untracked 
| 140|0x0000000711e00000, 0x0000000711e00000, 0x0000000711f00000|  0%| F|  |TAMS 0x0000000711e00000, 0x0000000711e00000| Untracked 
| 141|0x0000000711f00000, 0x0000000711f00000, 0x0000000712000000|  0%| F|  |TAMS 0x0000000711f00000, 0x0000000711f00000| Untracked 
| 142|0x0000000712000000, 0x0000000712000000, 0x0000000712100000|  0%| F|  |TAMS 0x0000000712000000, 0x0000000712000000| Untracked 
| 143|0x0000000712100000, 0x0000000712100000, 0x0000000712200000|  0%| F|  |TAMS 0x0000000712100000, 0x0000000712100000| Untracked 
| 144|0x0000000712200000, 0x0000000712200000, 0x0000000712300000|  0%| F|  |TAMS 0x0000000712200000, 0x0000000712200000| Untracked 
| 145|0x0000000712300000, 0x0000000712300000, 0x0000000712400000|  0%| F|  |TAMS 0x0000000712300000, 0x0000000712300000| Untracked 
| 146|0x0000000712400000, 0x0000000712400000, 0x0000000712500000|  0%| F|  |TAMS 0x0000000712400000, 0x0000000712400000| Untracked 
| 147|0x0000000712500000, 0x0000000712500000, 0x0000000712600000|  0%| F|  |TAMS 0x0000000712500000, 0x0000000712500000| Untracked 
| 148|0x0000000712600000, 0x0000000712600000, 0x0000000712700000|  0%| F|  |TAMS 0x0000000712600000, 0x0000000712600000| Untracked 
| 149|0x0000000712700000, 0x0000000712700000, 0x0000000712800000|  0%| F|  |TAMS 0x0000000712700000, 0x0000000712700000| Untracked 
| 150|0x0000000712800000, 0x0000000712800000, 0x0000000712900000|  0%| F|  |TAMS 0x0000000712800000, 0x0000000712800000| Untracked 
| 151|0x0000000712900000, 0x0000000712900000, 0x0000000712a00000|  0%| F|  |TAMS 0x0000000712900000, 0x0000000712900000| Untracked 
| 152|0x0000000712a00000, 0x0000000712a00000, 0x0000000712b00000|  0%| F|  |TAMS 0x0000000712a00000, 0x0000000712a00000| Untracked 
| 153|0x0000000712b00000, 0x0000000712b00000, 0x0000000712c00000|  0%| F|  |TAMS 0x0000000712b00000, 0x0000000712b00000| Untracked 
| 154|0x0000000712c00000, 0x0000000712c00000, 0x0000000712d00000|  0%| F|  |TAMS 0x0000000712c00000, 0x0000000712c00000| Untracked 
| 155|0x0000000712d00000, 0x0000000712d00000, 0x0000000712e00000|  0%| F|  |TAMS 0x0000000712d00000, 0x0000000712d00000| Untracked 
| 156|0x0000000712e00000, 0x0000000712e00000, 0x0000000712f00000|  0%| F|  |TAMS 0x0000000712e00000, 0x0000000712e00000| Untracked 
| 157|0x0000000712f00000, 0x0000000712f00000, 0x0000000713000000|  0%| F|  |TAMS 0x0000000712f00000, 0x0000000712f00000| Untracked 
| 158|0x0000000713000000, 0x0000000713000000, 0x0000000713100000|  0%| F|  |TAMS 0x0000000713000000, 0x0000000713000000| Untracked 
| 159|0x0000000713100000, 0x0000000713100000, 0x0000000713200000|  0%| F|  |TAMS 0x0000000713100000, 0x0000000713100000| Untracked 
| 160|0x0000000713200000, 0x0000000713200000, 0x0000000713300000|  0%| F|  |TAMS 0x0000000713200000, 0x0000000713200000| Untracked 
| 161|0x0000000713300000, 0x0000000713300000, 0x0000000713400000|  0%| F|  |TAMS 0x0000000713300000, 0x0000000713300000| Untracked 
| 162|0x0000000713400000, 0x0000000713400000, 0x0000000713500000|  0%| F|  |TAMS 0x0000000713400000, 0x0000000713400000| Untracked 
| 163|0x0000000713500000, 0x0000000713500000, 0x0000000713600000|  0%| F|  |TAMS 0x0000000713500000, 0x0000000713500000| Untracked 
| 164|0x0000000713600000, 0x0000000713600000, 0x0000000713700000|  0%| F|  |TAMS 0x0000000713600000, 0x0000000713600000| Untracked 
| 165|0x0000000713700000, 0x0000000713700000, 0x0000000713800000|  0%| F|  |TAMS 0x0000000713700000, 0x0000000713700000| Untracked 
| 166|0x0000000713800000, 0x0000000713800000, 0x0000000713900000|  0%| F|  |TAMS 0x0000000713800000, 0x0000000713800000| Untracked 
| 167|0x0000000713900000, 0x0000000713900000, 0x0000000713a00000|  0%| F|  |TAMS 0x0000000713900000, 0x0000000713900000| Untracked 
| 168|0x0000000713a00000, 0x0000000713a00000, 0x0000000713b00000|  0%| F|  |TAMS 0x0000000713a00000, 0x0000000713a00000| Untracked 
| 169|0x0000000713b00000, 0x0000000713b00000, 0x0000000713c00000|  0%| F|  |TAMS 0x0000000713b00000, 0x0000000713b00000| Untracked 
| 170|0x0000000713c00000, 0x0000000713c00000, 0x0000000713d00000|  0%| F|  |TAMS 0x0000000713c00000, 0x0000000713c00000| Untracked 
| 171|0x0000000713d00000, 0x0000000713d00000, 0x0000000713e00000|  0%| F|  |TAMS 0x0000000713d00000, 0x0000000713d00000| Untracked 
| 172|0x0000000713e00000, 0x0000000713e00000, 0x0000000713f00000|  0%| F|  |TAMS 0x0000000713e00000, 0x0000000713e00000| Untracked 
| 173|0x0000000713f00000, 0x0000000713f00000, 0x0000000714000000|  0%| F|  |TAMS 0x0000000713f00000, 0x0000000713f00000| Untracked 
| 174|0x0000000714000000, 0x0000000714000000, 0x0000000714100000|  0%| F|  |TAMS 0x0000000714000000, 0x0000000714000000| Untracked 
| 175|0x0000000714100000, 0x0000000714100000, 0x0000000714200000|  0%| F|  |TAMS 0x0000000714100000, 0x0000000714100000| Untracked 
| 176|0x0000000714200000, 0x0000000714200000, 0x0000000714300000|  0%| F|  |TAMS 0x0000000714200000, 0x0000000714200000| Untracked 
| 177|0x0000000714300000, 0x0000000714300000, 0x0000000714400000|  0%| F|  |TAMS 0x0000000714300000, 0x0000000714300000| Untracked 
| 178|0x0000000714400000, 0x0000000714400000, 0x0000000714500000|  0%| F|  |TAMS 0x0000000714400000, 0x0000000714400000| Untracked 
| 179|0x0000000714500000, 0x0000000714500000, 0x0000000714600000|  0%| F|  |TAMS 0x0000000714500000, 0x0000000714500000| Untracked 
| 180|0x0000000714600000, 0x0000000714600000, 0x0000000714700000|  0%| F|  |TAMS 0x0000000714600000, 0x0000000714600000| Untracked 
| 181|0x0000000714700000, 0x0000000714700000, 0x0000000714800000|  0%| F|  |TAMS 0x0000000714700000, 0x0000000714700000| Untracked 
| 182|0x0000000714800000, 0x0000000714800000, 0x0000000714900000|  0%| F|  |TAMS 0x0000000714800000, 0x0000000714800000| Untracked 
| 183|0x0000000714900000, 0x0000000714900000, 0x0000000714a00000|  0%| F|  |TAMS 0x0000000714900000, 0x0000000714900000| Untracked 
| 184|0x0000000714a00000, 0x0000000714a00000, 0x0000000714b00000|  0%| F|  |TAMS 0x0000000714a00000, 0x0000000714a00000| Untracked 
| 185|0x0000000714b00000, 0x0000000714b00000, 0x0000000714c00000|  0%| F|  |TAMS 0x0000000714b00000, 0x0000000714b00000| Untracked 
| 186|0x0000000714c00000, 0x0000000714c00000, 0x0000000714d00000|  0%| F|  |TAMS 0x0000000714c00000, 0x0000000714c00000| Untracked 
| 187|0x0000000714d00000, 0x0000000714d00000, 0x0000000714e00000|  0%| F|  |TAMS 0x0000000714d00000, 0x0000000714d00000| Untracked 
| 188|0x0000000714e00000, 0x0000000714e00000, 0x0000000714f00000|  0%| F|  |TAMS 0x0000000714e00000, 0x0000000714e00000| Untracked 
| 189|0x0000000714f00000, 0x0000000714f00000, 0x0000000715000000|  0%| F|  |TAMS 0x0000000714f00000, 0x0000000714f00000| Untracked 
| 190|0x0000000715000000, 0x0000000715000000, 0x0000000715100000|  0%| F|  |TAMS 0x0000000715000000, 0x0000000715000000| Untracked 
| 191|0x0000000715100000, 0x0000000715100000, 0x0000000715200000|  0%| F|  |TAMS 0x0000000715100000, 0x0000000715100000| Untracked 
| 192|0x0000000715200000, 0x0000000715200000, 0x0000000715300000|  0%| F|  |TAMS 0x0000000715200000, 0x0000000715200000| Untracked 
| 193|0x0000000715300000, 0x0000000715300000, 0x0000000715400000|  0%| F|  |TAMS 0x0000000715300000, 0x0000000715300000| Untracked 
| 194|0x0000000715400000, 0x0000000715400000, 0x0000000715500000|  0%| F|  |TAMS 0x0000000715400000, 0x0000000715400000| Untracked 
| 195|0x0000000715500000, 0x0000000715500000, 0x0000000715600000|  0%| F|  |TAMS 0x0000000715500000, 0x0000000715500000| Untracked 
| 196|0x0000000715600000, 0x0000000715600000, 0x0000000715700000|  0%| F|  |TAMS 0x0000000715600000, 0x0000000715600000| Untracked 
| 197|0x0000000715700000, 0x0000000715700000, 0x0000000715800000|  0%| F|  |TAMS 0x0000000715700000, 0x0000000715700000| Untracked 
| 198|0x0000000715800000, 0x0000000715800000, 0x0000000715900000|  0%| F|  |TAMS 0x0000000715800000, 0x0000000715800000| Untracked 
| 199|0x0000000715900000, 0x0000000715900000, 0x0000000715a00000|  0%| F|  |TAMS 0x0000000715900000, 0x0000000715900000| Untracked 
| 200|0x0000000715a00000, 0x0000000715a00000, 0x0000000715b00000|  0%| F|  |TAMS 0x0000000715a00000, 0x0000000715a00000| Untracked 
| 201|0x0000000715b00000, 0x0000000715b00000, 0x0000000715c00000|  0%| F|  |TAMS 0x0000000715b00000, 0x0000000715b00000| Untracked 
| 202|0x0000000715c00000, 0x0000000715c00000, 0x0000000715d00000|  0%| F|  |TAMS 0x0000000715c00000, 0x0000000715c00000| Untracked 
| 203|0x0000000715d00000, 0x0000000715d00000, 0x0000000715e00000|  0%| F|  |TAMS 0x0000000715d00000, 0x0000000715d00000| Untracked 
| 204|0x0000000715e00000, 0x0000000715e00000, 0x0000000715f00000|  0%| F|  |TAMS 0x0000000715e00000, 0x0000000715e00000| Untracked 
| 205|0x0000000715f00000, 0x0000000715f00000, 0x0000000716000000|  0%| F|  |TAMS 0x0000000715f00000, 0x0000000715f00000| Untracked 
| 206|0x0000000716000000, 0x0000000716000000, 0x0000000716100000|  0%| F|  |TAMS 0x0000000716000000, 0x0000000716000000| Untracked 
| 207|0x0000000716100000, 0x0000000716100000, 0x0000000716200000|  0%| F|  |TAMS 0x0000000716100000, 0x0000000716100000| Untracked 
| 208|0x0000000716200000, 0x0000000716200000, 0x0000000716300000|  0%| F|  |TAMS 0x0000000716200000, 0x0000000716200000| Untracked 
| 209|0x0000000716300000, 0x0000000716300000, 0x0000000716400000|  0%| F|  |TAMS 0x0000000716300000, 0x0000000716300000| Untracked 
| 210|0x0000000716400000, 0x0000000716400000, 0x0000000716500000|  0%| F|  |TAMS 0x0000000716400000, 0x0000000716400000| Untracked 
| 211|0x0000000716500000, 0x0000000716500000, 0x0000000716600000|  0%| F|  |TAMS 0x0000000716500000, 0x0000000716500000| Untracked 
| 212|0x0000000716600000, 0x0000000716600000, 0x0000000716700000|  0%| F|  |TAMS 0x0000000716600000, 0x0000000716600000| Untracked 
| 213|0x0000000716700000, 0x0000000716700000, 0x0000000716800000|  0%| F|  |TAMS 0x0000000716700000, 0x0000000716700000| Untracked 
| 214|0x0000000716800000, 0x0000000716800000, 0x0000000716900000|  0%| F|  |TAMS 0x0000000716800000, 0x0000000716800000| Untracked 
| 215|0x0000000716900000, 0x0000000716900000, 0x0000000716a00000|  0%| F|  |TAMS 0x0000000716900000, 0x0000000716900000| Untracked 
| 216|0x0000000716a00000, 0x0000000716a00000, 0x0000000716b00000|  0%| F|  |TAMS 0x0000000716a00000, 0x0000000716a00000| Untracked 
| 217|0x0000000716b00000, 0x0000000716b00000, 0x0000000716c00000|  0%| F|  |TAMS 0x0000000716b00000, 0x0000000716b00000| Untracked 
| 218|0x0000000716c00000, 0x0000000716c00000, 0x0000000716d00000|  0%| F|  |TAMS 0x0000000716c00000, 0x0000000716c00000| Untracked 
| 219|0x0000000716d00000, 0x0000000716d00000, 0x0000000716e00000|  0%| F|  |TAMS 0x0000000716d00000, 0x0000000716d00000| Untracked 
| 220|0x0000000716e00000, 0x0000000716e00000, 0x0000000716f00000|  0%| F|  |TAMS 0x0000000716e00000, 0x0000000716e00000| Untracked 
| 221|0x0000000716f00000, 0x0000000716f08030, 0x0000000717000000|  3%| S|CS|TAMS 0x0000000716f00000, 0x0000000716f00000| Complete 
| 222|0x0000000717000000, 0x0000000717100000, 0x0000000717100000|100%| S|CS|TAMS 0x0000000717000000, 0x0000000717000000| Complete 
| 223|0x0000000717100000, 0x0000000717200000, 0x0000000717200000|100%| S|CS|TAMS 0x0000000717100000, 0x0000000717100000| Complete 
| 224|0x0000000717200000, 0x0000000717200000, 0x0000000717300000|  0%| F|  |TAMS 0x0000000717200000, 0x0000000717200000| Untracked 
| 225|0x0000000717300000, 0x0000000717300000, 0x0000000717400000|  0%| F|  |TAMS 0x0000000717300000, 0x0000000717300000| Untracked 
| 226|0x0000000717400000, 0x0000000717400000, 0x0000000717500000|  0%| F|  |TAMS 0x0000000717400000, 0x0000000717400000| Untracked 
| 227|0x0000000717500000, 0x0000000717500000, 0x0000000717600000|  0%| F|  |TAMS 0x0000000717500000, 0x0000000717500000| Untracked 
| 228|0x0000000717600000, 0x0000000717600000, 0x0000000717700000|  0%| F|  |TAMS 0x0000000717600000, 0x0000000717600000| Untracked 
| 229|0x0000000717700000, 0x0000000717700000, 0x0000000717800000|  0%| F|  |TAMS 0x0000000717700000, 0x0000000717700000| Untracked 
| 230|0x0000000717800000, 0x0000000717800000, 0x0000000717900000|  0%| F|  |TAMS 0x0000000717800000, 0x0000000717800000| Untracked 
| 231|0x0000000717900000, 0x0000000717900000, 0x0000000717a00000|  0%| F|  |TAMS 0x0000000717900000, 0x0000000717900000| Untracked 
| 232|0x0000000717a00000, 0x0000000717a00000, 0x0000000717b00000|  0%| F|  |TAMS 0x0000000717a00000, 0x0000000717a00000| Untracked 
| 233|0x0000000717b00000, 0x0000000717b00000, 0x0000000717c00000|  0%| F|  |TAMS 0x0000000717b00000, 0x0000000717b00000| Untracked 
| 234|0x0000000717c00000, 0x0000000717c00000, 0x0000000717d00000|  0%| F|  |TAMS 0x0000000717c00000, 0x0000000717c00000| Untracked 
| 235|0x0000000717d00000, 0x0000000717d00000, 0x0000000717e00000|  0%| F|  |TAMS 0x0000000717d00000, 0x0000000717d00000| Untracked 
| 236|0x0000000717e00000, 0x0000000717e00000, 0x0000000717f00000|  0%| F|  |TAMS 0x0000000717e00000, 0x0000000717e00000| Untracked 
| 237|0x0000000717f00000, 0x0000000717f00000, 0x0000000718000000|  0%| F|  |TAMS 0x0000000717f00000, 0x0000000717f00000| Untracked 
| 238|0x0000000718000000, 0x0000000718000000, 0x0000000718100000|  0%| F|  |TAMS 0x0000000718000000, 0x0000000718000000| Untracked 
| 239|0x0000000718100000, 0x0000000718100000, 0x0000000718200000|  0%| F|  |TAMS 0x0000000718100000, 0x0000000718100000| Untracked 
| 240|0x0000000718200000, 0x0000000718200000, 0x0000000718300000|  0%| F|  |TAMS 0x0000000718200000, 0x0000000718200000| Untracked 
| 241|0x0000000718300000, 0x0000000718300000, 0x0000000718400000|  0%| F|  |TAMS 0x0000000718300000, 0x0000000718300000| Untracked 
| 242|0x0000000718400000, 0x0000000718400000, 0x0000000718500000|  0%| F|  |TAMS 0x0000000718400000, 0x0000000718400000| Untracked 
| 243|0x0000000718500000, 0x0000000718500800, 0x0000000718600000|  0%| E|  |TAMS 0x0000000718500000, 0x0000000718500000| Complete 
| 244|0x0000000718600000, 0x0000000718700000, 0x0000000718700000|100%| E|CS|TAMS 0x0000000718600000, 0x0000000718600000| Complete 
| 245|0x0000000718700000, 0x0000000718800000, 0x0000000718800000|100%| E|CS|TAMS 0x0000000718700000, 0x0000000718700000| Complete 
| 246|0x0000000718800000, 0x0000000718900000, 0x0000000718900000|100%| E|CS|TAMS 0x0000000718800000, 0x0000000718800000| Complete 
| 247|0x0000000718900000, 0x0000000718a00000, 0x0000000718a00000|100%| E|  |TAMS 0x0000000718900000, 0x0000000718900000| Complete 
|2924|0x00000007bfe00000, 0x00000007bfe48000, 0x00000007bff00000| 28%|OA|  |TAMS 0x00000007bfe00000, 0x00000007bfe00000| Untracked 
|2925|0x00000007bff00000, 0x00000007bff6c000, 0x00000007c0000000| 42%|CA|  |TAMS 0x00000007bff00000, 0x00000007bff00000| Untracked 

Card table byte_map: [0x00007f0948191000,0x00007f0948948000] _byte_map_base: 0x00007f0944948000

Marking Bits (Prev, Next): (CMBitMap*) 0x00007f094407dc08, (CMBitMap*) 0x00007f094407dc40
 Prev Bits: [0x00007f0924248000, 0x00007f0928000000)
 Next Bits: [0x00007f0920490000, 0x00007f0924248000)

Polling page: 0x00007f094b5bb000

Metaspace:

Usage:
  Non-class:      8.93 MB capacity,     6.71 MB ( 75%) used,     2.21 MB ( 25%) free+waste,    12.31 KB ( <1%) overhead. 
      Class:    754.00 KB capacity,   484.79 KB ( 64%) used,   263.71 KB ( 35%) free+waste,     5.50 KB ( <1%) overhead. 
       Both:      9.67 MB capacity,     7.18 MB ( 74%) used,     2.47 MB ( 26%) free+waste,    17.81 KB ( <1%) overhead. 

Virtual space:
  Non-class space:       10.00 MB reserved,       9.25 MB ( 92%) committed 
      Class space:        1.00 GB reserved,     768.00 KB ( <1%) committed 
             Both:        1.01 GB reserved,      10.00 MB ( <1%) committed 

Chunk freelists:
   Non-Class:  178.00 KB
       Class:  14.00 KB
        Both:  192.00 KB

MaxMetaspaceSize: unlimited
CompressedClassSpaceSize: 1.00 GB
Initial GC threshold: 20.80 MB
Current GC threshold: 20.80 MB
CDS: on

CodeHeap 'non-profiled nmethods': size=120032Kb used=325Kb max_used=325Kb free=119706Kb
 bounds [0x00007f0934287000, 0x00007f09344f7000, 0x00007f093b7bf000]
CodeHeap 'profiled nmethods': size=120028Kb used=1590Kb max_used=1590Kb free=118437Kb
 bounds [0x00007f092cd50000, 0x00007f092cfc0000, 0x00007f0934287000]
CodeHeap 'non-nmethods': size=5700Kb used=1808Kb max_used=1827Kb free=3891Kb
 bounds [0x00007f092c7bf000, 0x00007f092ca2f000, 0x00007f092cd50000]
 total_blobs=2135 nmethods=855 adapters=1194
 compilation: enabled
              stopped_count=0, restarted_count=0
 full_count=0

Compilation events (20 events):
Event: 1.337 Thread 0x00007f09441dc800  845       3       java.net.URLStreamHandler::setURL (159 bytes)
Event: 1.338 Thread 0x00007f09441da000 nmethod 846 0x00007f09342d5010 code [0x00007f09342d51a0, 0x00007f09342d52b8]
Event: 1.339 Thread 0x00007f09441dc800 nmethod 845 0x00007f092ced2f90 code [0x00007f092ced3300, 0x00007f092ced47a0]
Event: 1.339 Thread 0x00007f09441dc800  847       3       jdk.internal.loader.ClassLoaders$AppClassLoader::defineOrCheckPackage (8 bytes)
Event: 1.340 Thread 0x00007f09441dc800 nmethod 847 0x00007f092ced4f90 code [0x00007f092ced5140, 0x00007f092ced5280]
Event: 1.340 Thread 0x00007f09441dc800  848   !   3       jdk.internal.loader.BuiltinClassLoader::defineOrCheckPackage (93 bytes)
Event: 1.340 Thread 0x00007f09441da000  852       4       com.badlogic.gdx.math.Vector3::set (17 bytes)
Event: 1.340 Thread 0x00007f09441da000 nmethod 852 0x00007f09342d5310 code [0x00007f09342d54a0, 0x00007f09342d5518]
Event: 1.341 Thread 0x00007f09441dc800 nmethod 848 0x00007f092ced5310 code [0x00007f092ced55c0, 0x00007f092ced6170]
Event: 1.341 Thread 0x00007f09441dc800  853       3       com.badlogic.gdx.utils.ShortArray::get (54 bytes)
Event: 1.342 Thread 0x00007f09441dc800 nmethod 853 0x00007f092ced6590 code [0x00007f092ced6820, 0x00007f092ced7270]
Event: 1.342 Thread 0x00007f09441dc800  854       3       com.badlogic.gdx.math.Vector3::scl (23 bytes)
Event: 1.343 Thread 0x00007f09441dc800 nmethod 854 0x00007f092ced7690 code [0x00007f092ced7840, 0x00007f092ced79f0]
Event: 1.343 Thread 0x00007f09441dc800  849       3       jdk.internal.loader.BuiltinClassLoader::getAndVerifyPackage (109 bytes)
Event: 1.346 Thread 0x00007f09441dc800 nmethod 849 0x00007f092ced7b10 code [0x00007f092ced7f00, 0x00007f092ced9900]
Event: 1.346 Thread 0x00007f09441dc800  850       3       java.lang.ClassLoader::getDefinedPackage (35 bytes)
Event: 1.347 Thread 0x00007f09441dc800 nmethod 850 0x00007f092ceda190 code [0x00007f092ceda380, 0x00007f092ceda920]
Event: 1.347 Thread 0x00007f09441dc800  851       3       java.security.CodeSource::<init> (52 bytes)
Event: 1.347 Thread 0x00007f09441dc800 nmethod 851 0x00007f092cedab10 code [0x00007f092cedad00, 0x00007f092cedb270]
Event: 1.352 Thread 0x00007f09441dc800  855   !   3       jdk.internal.loader.Resource::getBytes (242 bytes)

GC Heap History (2 events):
Event: 1.247 GC heap before
{Heap before GC invocations=0 (full 0):
 garbage-first heap   total 256000K, used 24272K [0x0000000709200000, 0x0000000800000000)
  region size 1024K, 24 young (24576K), 0 survivors (0K)
 Metaspace       used 5677K, capacity 8300K, committed 8704K, reserved 1056768K
  class space    used 419K, capacity 690K, committed 768K, reserved 1048576K
}
Event: 1.261 GC heap after
{Heap after GC invocations=1 (full 0):
 garbage-first heap   total 256000K, used 2800K [0x0000000709200000, 0x0000000800000000)
  region size 1024K, 3 young (3072K), 3 survivors (3072K)
 Metaspace       used 5677K, capacity 8300K, committed 8704K, reserved 1056768K
  class space    used 419K, capacity 690K, committed 768K, reserved 1048576K
}

Deoptimization events (20 events):
Event: 0.454 Thread 0x00007f0944019000 DEOPT PACKING pc=0x00007f092cde5005 sp=0x00007f0949d51340
Event: 0.454 Thread 0x00007f0944019000 DEOPT UNPACKING pc=0x00007f092c80964a sp=0x00007f0949d507d8 mode 0
Event: 0.454 Thread 0x00007f0944019000 DEOPT PACKING pc=0x00007f092cde5005 sp=0x00007f0949d51340
Event: 0.454 Thread 0x00007f0944019000 DEOPT UNPACKING pc=0x00007f092c80964a sp=0x00007f0949d507d8 mode 0
Event: 0.454 Thread 0x00007f0944019000 DEOPT PACKING pc=0x00007f092cde5005 sp=0x00007f0949d51340
Event: 0.454 Thread 0x00007f0944019000 DEOPT UNPACKING pc=0x00007f092c80964a sp=0x00007f0949d507d8 mode 0
Event: 0.455 Thread 0x00007f0944019000 DEOPT PACKING pc=0x00007f092cde5005 sp=0x00007f0949d51340
Event: 0.455 Thread 0x00007f0944019000 DEOPT UNPACKING pc=0x00007f092c80964a sp=0x00007f0949d507d8 mode 0
Event: 0.455 Thread 0x00007f0944019000 DEOPT PACKING pc=0x00007f092cde5005 sp=0x00007f0949d51340
Event: 0.455 Thread 0x00007f0944019000 DEOPT UNPACKING pc=0x00007f092c80964a sp=0x00007f0949d507d8 mode 0
Event: 0.455 Thread 0x00007f0944019000 DEOPT PACKING pc=0x00007f092cde5005 sp=0x00007f0949d51340
Event: 0.455 Thread 0x00007f0944019000 DEOPT UNPACKING pc=0x00007f092c80964a sp=0x00007f0949d507d8 mode 0
Event: 0.455 Thread 0x00007f0944019000 DEOPT PACKING pc=0x00007f092cde5005 sp=0x00007f0949d51340
Event: 0.455 Thread 0x00007f0944019000 DEOPT UNPACKING pc=0x00007f092c80964a sp=0x00007f0949d507d8 mode 0
Event: 1.103 Thread 0x00007f0944019000 Uncommon trap: trap_request=0xffffff76 fr.pc=0x00007f09342aa588 relative=0x00000000000003c8
Event: 1.103 Thread 0x00007f0944019000 Uncommon trap: reason=loop_limit_check action=maybe_recompile pc=0x00007f09342aa588 method=java.lang.StringLatin1.indexOf([BI[BII)I @ 37 c2
Event: 1.103 Thread 0x00007f0944019000 DEOPT PACKING pc=0x00007f09342aa588 sp=0x00007f0949d52fd0
Event: 1.103 Thread 0x00007f0944019000 DEOPT UNPACKING pc=0x00007f092c808ea5 sp=0x00007f0949d52f50 mode 2
Event: 1.111 Thread 0x00007f0944019000 DEOPT PACKING pc=0x00007f092cd77540 sp=0x00007f0949d52860
Event: 1.111 Thread 0x00007f0944019000 DEOPT UNPACKING pc=0x00007f092c80964a sp=0x00007f0949d51da8 mode 0

Classes redefined (0 events):
No events

Internal exceptions (20 events):
Event: 0.247 Thread 0x00007f0944019000 Exception <a 'java/security/PrivilegedActionException'{0x00000007185b3640}> (0x00000007185b3640) thrown at [src/hotspot/share/prims/jvm.cpp, line 1304]
Event: 0.247 Thread 0x00007f0944019000 Exception <a 'java/security/PrivilegedActionException'{0x00000007185b3910}> (0x00000007185b3910) thrown at [src/hotspot/share/prims/jvm.cpp, line 1304]
Event: 0.261 Thread 0x00007f0944019000 Exception <a 'java/security/PrivilegedActionException'{0x000000071845c4a8}> (0x000000071845c4a8) thrown at [src/hotspot/share/prims/jvm.cpp, line 1304]
Event: 0.261 Thread 0x00007f0944019000 Exception <a 'java/security/PrivilegedActionException'{0x000000071845c778}> (0x000000071845c778) thrown at [src/hotspot/share/prims/jvm.cpp, line 1304]
Event: 0.384 Thread 0x00007f0944019000 Exception <a 'java/lang/NoSuchMethodError'{0x00000007181e5768}: 'int java.lang.invoke.DirectMethodHandle$Holder.invokeStaticInit(java.lang.Object, java.lang.Object, int, long)'> (0x00000007181e5768) thrown at [src/hotspot/share/interpreter/linkResolver.cpp, line 772]
Event: 0.387 Thread 0x00007f0944019000 Exception <a 'java/lang/NoSuchMethodError'{0x00000007181ea910}: 'java.lang.Object java.lang.invoke.Invokers$Holder.linkToTargetMethod(java.lang.Object, int, java.lang.Object)'> (0x00000007181ea910) thrown at [src/hotspot/share/interpreter/linkResolver.cpp, line 772]
Event: 0.392 Thread 0x00007f0944019000 Exception <a 'java/lang/NoSuchMethodError'{0x00000007181fec90}: 'int java.lang.invoke.DirectMethodHandle$Holder.invokeStaticInit(java.lang.Object, java.lang.Object, long, long)'> (0x00000007181fec90) thrown at [src/hotspot/share/interpreter/linkResolver.cpp, line 772]
Event: 0.394 Thread 0x00007f0944019000 Exception <a 'java/lang/NoSuchMethodError'{0x000000071800a8d0}: 'java.lang.Object java.lang.invoke.Invokers$Holder.linkToTargetMethod(java.lang.Object, long, java.lang.Object)'> (0x000000071800a8d0) thrown at [src/hotspot/share/interpreter/linkResolver.cpp, line 772]
Event: 0.396 Thread 0x00007f0944019000 Exception <a 'java/lang/NoSuchMethodError'{0x0000000718010c08}: 'int java.lang.invoke.DirectMethodHandle$Holder.invokeStaticInit(java.lang.Object, java.lang.Object, java.lang.Object, long)'> (0x0000000718010c08) thrown at [src/hotspot/share/interpreter/linkResolver.cpp, line 772]
Event: 0.434 Thread 0x00007f0944019000 Exception <a 'sun/nio/fs/UnixException'{0x0000000717f04a38}> (0x0000000717f04a38) thrown at [src/hotspot/share/prims/jni.cpp, line 617]
Event: 0.479 Thread 0x00007f0944019000 Exception <a 'sun/nio/fs/UnixException'{0x0000000717e009a8}> (0x0000000717e009a8) thrown at [src/hotspot/share/prims/jni.cpp, line 617]
Event: 0.512 Thread 0x00007f0944019000 Exception <a 'java/lang/NoSuchMethodError'{0x0000000717e68f10}: 'java.lang.Object java.lang.invoke.DirectMethodHandle$Holder.invokeStaticInit(java.lang.Object, int)'> (0x0000000717e68f10) thrown at [src/hotspot/share/interpreter/linkResolver.cpp, line 772]
Event: 0.524 Thread 0x00007f0944019000 Exception <a 'java/lang/NoSuchMethodError'{0x0000000717d21480}: 'java.lang.Object java.lang.invoke.DirectMethodHandle$Holder.newInvokeSpecial(java.lang.Object, java.lang.Object, java.lang.Object)'> (0x0000000717d21480) thrown at [src/hotspot/share/interpreter/linkResolver.cpp, line 772]
Event: 0.548 Thread 0x00007f0944019000 Exception <a 'sun/nio/fs/UnixException'{0x0000000717c27d40}> (0x0000000717c27d40) thrown at [src/hotspot/share/prims/jni.cpp, line 617]
Event: 0.806 Thread 0x00007f0944019000 Exception <a 'java/lang/NoSuchMethodError'{0x0000000717cc09f0}: 'java.lang.Object java.lang.invoke.DirectMethodHandle$Holder.invokeStatic(java.lang.Object, long)'> (0x0000000717cc09f0) thrown at [src/hotspot/share/interpreter/linkResolver.cpp, line 772]
Event: 0.807 Thread 0x00007f0944019000 Exception <a 'java/lang/NoSuchMethodError'{0x0000000717cc3a70}: 'java.lang.Object java.lang.invoke.DirectMethodHandle$Holder.invokeSpecial(java.lang.Object, java.lang.Object, long)'> (0x0000000717cc3a70) thrown at [src/hotspot/share/interpreter/linkResolver.cpp, line 772]
Event: 0.808 Thread 0x00007f0944019000 Exception <a 'java/lang/NoSuchMethodError'{0x0000000717cc6530}: 'java.lang.Object java.lang.invoke.Invokers$Holder.linkToTargetMethod(long, java.lang.Object)'> (0x0000000717cc6530) thrown at [src/hotspot/share/interpreter/linkResolver.cpp, line 772]
Event: 1.106 Thread 0x00007f0944019000 Exception <a 'java/lang/NoSuchMethodError'{0x00000007178c5b98}: 'void java.lang.invoke.DirectMethodHandle$Holder.invokeStatic(java.lang.Object, long)'> (0x00000007178c5b98) thrown at [src/hotspot/share/interpreter/linkResolver.cpp, line 772]
Event: 1.113 Thread 0x00007f0944019000 Exception <a 'sun/nio/fs/UnixException'{0x000000071773ced8}> (0x000000071773ced8) thrown at [src/hotspot/share/prims/jni.cpp, line 617]
Event: 1.116 Thread 0x00007f0944019000 Exception <a 'sun/nio/fs/UnixException'{0x0000000717774f50}> (0x0000000717774f50) thrown at [src/hotspot/share/prims/jni.cpp, line 617]

Events (20 events):
Event: 1.344 loading class com/badlogic/gdx/physics/bullet/collision/GdxCollisionObjectBridge
Event: 1.344 loading class com/badlogic/gdx/physics/bullet/collision/GdxCollisionObjectBridge done
Event: 1.344 Executing VM operation: RevokeBias
Event: 1.344 Executing VM operation: RevokeBias done
Event: 1.348 loading class com/badlogic/gdx/physics/bullet/collision/CollisionObjectWrapper
Event: 1.348 loading class com/badlogic/gdx/physics/bullet/collision/CollisionObjectWrapper done
Event: 1.349 loading class com/badlogic/gdx/physics/bullet/collision/btCollisionObjectWrapper
Event: 1.349 loading class com/badlogic/gdx/physics/bullet/collision/btCollisionObjectWrapper done
Event: 1.350 loading class com/badlogic/gdx/physics/bullet/collision/btPersistentManifold
Event: 1.350 loading class com/badlogic/gdx/physics/bullet/collision/btPersistentManifold done
Event: 1.351 loading class com/badlogic/gdx/physics/bullet/linearmath/btTypedObject
Event: 1.351 loading class com/badlogic/gdx/physics/bullet/linearmath/btTypedObject done
Event: 1.352 loading class com/badlogic/gdx/physics/bullet/collision/btCollisionAlgorithm
Event: 1.352 loading class com/badlogic/gdx/physics/bullet/collision/btCollisionAlgorithm done
Event: 1.352 loading class com/badlogic/gdx/physics/bullet/collision/btDispatcherInfo
Event: 1.352 loading class com/badlogic/gdx/physics/bullet/collision/btDispatcherInfo done
Event: 1.353 loading class com/badlogic/gdx/physics/bullet/collision/btManifoldResult
Event: 1.353 loading class com/badlogic/gdx/physics/bullet/collision/btManifoldResult done
Event: 1.353 loading class com/badlogic/gdx/physics/bullet/collision/btDiscreteCollisionDetectorInterface$Result
Event: 1.353 loading class com/badlogic/gdx/physics/bullet/collision/btDiscreteCollisionDetectorInterface$Result done


Dynamic libraries:
709200000-718a00000 rw-p 00000000 00:00 0 
718a00000-7bfe00000 ---p 00000000 00:00 0 
7bfe00000-7bfe48000 rw-p 00b14000 103:05 1195530                         /usr/lib/jvm/java-11-openjdk-amd64/lib/server/classes.jsa
7bfe48000-7bff00000 rw-p 00000000 00:00 0 
7bff00000-7bff6c000 rw-p 00aa8000 103:05 1195530                         /usr/lib/jvm/java-11-openjdk-amd64/lib/server/classes.jsa
7bff6c000-7c0000000 rw-p 00000000 00:00 0 
7c0000000-800000000 ---p 00000000 00:00 0 
800000000-800002000 rwxp 00001000 103:05 1195530                         /usr/lib/jvm/java-11-openjdk-amd64/lib/server/classes.jsa
800002000-8003ce000 rw-p 00003000 103:05 1195530                         /usr/lib/jvm/java-11-openjdk-amd64/lib/server/classes.jsa
8003ce000-800aa6000 r--p 003cf000 103:05 1195530                         /usr/lib/jvm/java-11-openjdk-amd64/lib/server/classes.jsa
800aa6000-800aa7000 rw-p 00aa7000 103:05 1195530                         /usr/lib/jvm/java-11-openjdk-amd64/lib/server/classes.jsa
840000000-8400c0000 rw-p 00000000 00:00 0 
8400c0000-880000000 ---p 00000000 00:00 0 
56049722d000-56049722e000 r--p 00000000 103:05 1195161                   /usr/lib/jvm/java-11-openjdk-amd64/bin/java
56049722e000-56049722f000 r-xp 00001000 103:05 1195161                   /usr/lib/jvm/java-11-openjdk-amd64/bin/java
56049722f000-560497230000 r--p 00002000 103:05 1195161                   /usr/lib/jvm/java-11-openjdk-amd64/bin/java
560497230000-560497231000 r--p 00002000 103:05 1195161                   /usr/lib/jvm/java-11-openjdk-amd64/bin/java
560497231000-560497232000 rw-p 00003000 103:05 1195161                   /usr/lib/jvm/java-11-openjdk-amd64/bin/java
5604c52df000-5604c5300000 rw-p 00000000 00:00 0                          [heap]
7f0890000000-7f0890021000 rw-p 00000000 00:00 0 
7f0890021000-7f0894000000 ---p 00000000 00:00 0 
7f0898000000-7f0898021000 rw-p 00000000 00:00 0 
7f0898021000-7f089c000000 ---p 00000000 00:00 0 
7f089c000000-7f089c021000 rw-p 00000000 00:00 0 
7f089c021000-7f08a0000000 ---p 00000000 00:00 0 
7f08a0000000-7f08a0021000 rw-p 00000000 00:00 0 
7f08a0021000-7f08a4000000 ---p 00000000 00:00 0 
7f08a4000000-7f08a4021000 rw-p 00000000 00:00 0 
7f08a4021000-7f08a8000000 ---p 00000000 00:00 0 
7f08a8000000-7f08a8021000 rw-p 00000000 00:00 0 
7f08a8021000-7f08ac000000 ---p 00000000 00:00 0 
7f08ac000000-7f08ac429000 rw-p 00000000 00:00 0 
7f08ac429000-7f08b0000000 ---p 00000000 00:00 0 
7f08b0000000-7f08b4000000 rw-s 00000000 00:01 6586                       /memfd:pulseaudio (deleted)
7f08b4000000-7f08b8000000 rw-s 00000000 00:01 2049                       /memfd:pulseaudio (deleted)
7f08b8000000-7f08bc000000 rw-s 00000000 00:01 6585                       /memfd:pulseaudio (deleted)
7f08bc000000-7f08c0000000 rw-s 00000000 00:01 6585                       /memfd:pulseaudio (deleted)
7f08c0000000-7f08c0029000 rw-p 00000000 00:00 0 
7f08c0029000-7f08c4000000 ---p 00000000 00:00 0 
7f08c684a000-7f08cba6b000 r-xp 00000000 103:05 1181814                   /usr/lib/x86_64-linux-gnu/libLLVM-12.so.1
7f08cba6b000-7f08cbf84000 r--p 05220000 103:05 1181814                   /usr/lib/x86_64-linux-gnu/libLLVM-12.so.1
7f08cbf84000-7f08cbf8b000 rw-p 05739000 103:05 1181814                   /usr/lib/x86_64-linux-gnu/libLLVM-12.so.1
7f08cbf8b000-7f08cc000000 rw-p 00000000 00:00 0 
7f08cc000000-7f08cc021000 rw-p 00000000 00:00 0 
7f08cc021000-7f08d0000000 ---p 00000000 00:00 0 
7f08d4000000-7f08d4021000 rw-p 00000000 00:00 0 
7f08d4021000-7f08d8000000 ---p 00000000 00:00 0 
7f08d8000000-7f08d823b000 rw-p 00000000 00:00 0 
7f08d823b000-7f08dc000000 ---p 00000000 00:00 0 
7f08dc0e0000-7f08dc925000 rw-p 00000000 00:00 0 
7f08dc925000-7f08dc9e5000 ---p 00000000 00:00 0 
7f08dc9e5000-7f08dc9e6000 ---p 00000000 00:00 0 
7f08dc9e6000-7f08dcae6000 rw-p 00000000 00:00 0 
7f08dcae6000-7f08dcae7000 ---p 00000000 00:00 0 
7f08dcae7000-7f08dcbe7000 rw-p 00000000 00:00 0 
7f08dcbe7000-7f08dcbe8000 ---p 00000000 00:00 0 
7f08dcbe8000-7f08dcce8000 rw-p 00000000 00:00 0 
7f08dcce8000-7f08dcce9000 ---p 00000000 00:00 0 
7f08dcce9000-7f08dcde9000 rw-p 00000000 00:00 0 
7f08dcde9000-7f08dcdea000 ---p 00000000 00:00 0 
7f08dcdea000-7f08dceea000 rw-p 00000000 00:00 0 
7f08dceea000-7f08dd3e3000 r-xp 00000000 103:05 1048760                   /tmp/libgdxcillian/137ecdf6/libgdx-bullet64.so
7f08dd3e3000-7f08dd5e2000 ---p 004f9000 103:05 1048760                   /tmp/libgdxcillian/137ecdf6/libgdx-bullet64.so
7f08dd5e2000-7f08dd5ed000 r--p 004f8000 103:05 1048760                   /tmp/libgdxcillian/137ecdf6/libgdx-bullet64.so
7f08dd5ed000-7f08dd5f8000 rw-p 00503000 103:05 1048760                   /tmp/libgdxcillian/137ecdf6/libgdx-bullet64.so
7f08dd5f8000-7f08dd5fa000 rw-p 00000000 00:00 0 
7f08dd5fa000-7f08dd62d000 r--p 00000000 103:05 1048749                   /tmp/lwjgl_cillian/3.3.3+5/x64/liblwjgl_opengl.so
7f08dd62d000-7f08dd641000 r-xp 00033000 103:05 1048749                   /tmp/lwjgl_cillian/3.3.3+5/x64/liblwjgl_opengl.so
7f08dd641000-7f08dd651000 r--p 00047000 103:05 1048749                   /tmp/lwjgl_cillian/3.3.3+5/x64/liblwjgl_opengl.so
7f08dd651000-7f08dd652000 r--p 00056000 103:05 1048749                   /tmp/lwjgl_cillian/3.3.3+5/x64/liblwjgl_opengl.so
7f08dd652000-7f08dd653000 rw-p 00057000 103:05 1048749                   /tmp/lwjgl_cillian/3.3.3+5/x64/liblwjgl_opengl.so
7f08dd653000-7f08dd663000 rw-s 10cfdd000 00:0e 13531                     anon_inode:i915.gem
7f08dd663000-7f08dd673000 rw-s 10cfcd000 00:0e 13531                     anon_inode:i915.gem
7f08dd673000-7f08dd683000 rw-s 10cfbd000 00:0e 13531                     anon_inode:i915.gem
7f08dd683000-7f08dd783000 rw-s 1017f7000 00:0e 13531                     anon_inode:i915.gem
7f08dd783000-7f08dd843000 rw-s 1173fd000 00:0e 13531                     anon_inode:i915.gem
7f08dd843000-7f08dd844000 ---p 00000000 00:00 0 
7f08dd844000-7f08de044000 rw-p 00000000 00:00 0 
7f08de044000-7f08de054000 rw-s 10631f000 00:0e 13531                     anon_inode:i915.gem
7f08de054000-7f08de064000 rw-s 11c29d000 00:0e 13531                     anon_inode:i915.gem
7f08de064000-7f08de074000 rw-s 11af05000 00:0e 13531                     anon_inode:i915.gem
7f08de074000-7f08de1b5000 rw-s 00000000 103:05 2770314                   /home/cillian/.cache/mesa_shader_cache/index
7f08de1b5000-7f08de1c3000 r--p 00000000 103:05 1180638                   /usr/lib/x86_64-linux-gnu/libtinfo.so.6.2
7f08de1c3000-7f08de1d2000 r-xp 0000e000 103:05 1180638                   /usr/lib/x86_64-linux-gnu/libtinfo.so.6.2
7f08de1d2000-7f08de1e0000 r--p 0001d000 103:05 1180638                   /usr/lib/x86_64-linux-gnu/libtinfo.so.6.2
7f08de1e0000-7f08de1e4000 r--p 0002a000 103:05 1180638                   /usr/lib/x86_64-linux-gnu/libtinfo.so.6.2
7f08de1e4000-7f08de1e5000 rw-p 0002e000 103:05 1180638                   /usr/lib/x86_64-linux-gnu/libtinfo.so.6.2
7f08de1e5000-7f08de1ed000 r--p 00000000 103:05 1187954                   /usr/lib/x86_64-linux-gnu/libedit.so.2.0.63
7f08de1ed000-7f08de208000 r-xp 00008000 103:05 1187954                   /usr/lib/x86_64-linux-gnu/libedit.so.2.0.63
7f08de208000-7f08de216000 r--p 00023000 103:05 1187954                   /usr/lib/x86_64-linux-gnu/libedit.so.2.0.63
7f08de216000-7f08de218000 r--p 00030000 103:05 1187954                   /usr/lib/x86_64-linux-gnu/libedit.so.2.0.63
7f08de218000-7f08de219000 rw-p 00032000 103:05 1187954                   /usr/lib/x86_64-linux-gnu/libedit.so.2.0.63
7f08de219000-7f08de21d000 rw-p 00000000 00:00 0 
7f08de21d000-7f08de22c000 r--p 00000000 103:05 1188985                   /usr/lib/x86_64-linux-gnu/libvulkan.so.1.2.131
7f08de22c000-7f08de25e000 r-xp 0000f000 103:05 1188985                   /usr/lib/x86_64-linux-gnu/libvulkan.so.1.2.131
7f08de25e000-7f08de271000 r--p 00041000 103:05 1188985                   /usr/lib/x86_64-linux-gnu/libvulkan.so.1.2.131
7f08de271000-7f08de272000 r--p 00053000 103:05 1188985                   /usr/lib/x86_64-linux-gnu/libvulkan.so.1.2.131
7f08de272000-7f08de273000 rw-p 00054000 103:05 1188985                   /usr/lib/x86_64-linux-gnu/libvulkan.so.1.2.131
7f08de273000-7f08de409000 r--p 00000000 103:05 1708295                   /usr/lib/x86_64-linux-gnu/dri/iris_dri.so
7f08de409000-7f08df4b4000 r-xp 00196000 103:05 1708295                   /usr/lib/x86_64-linux-gnu/dri/iris_dri.so
7f08df4b4000-7f08df97a000 r--p 01241000 103:05 1708295                   /usr/lib/x86_64-linux-gnu/dri/iris_dri.so
7f08df97a000-7f08dfaa8000 r--p 01706000 103:05 1708295                   /usr/lib/x86_64-linux-gnu/dri/iris_dri.so
7f08dfaa8000-7f08dfbe0000 rw-p 01834000 103:05 1708295                   /usr/lib/x86_64-linux-gnu/dri/iris_dri.so
7f08dfbe0000-7f08dfdfe000 rw-p 00000000 00:00 0 
7f08dfdfe000-7f08dfdff000 r-xp 00000000 103:05 1189094                   /usr/lib/x86_64-linux-gnu/libxshmfence.so.1.0.0
7f08dfdff000-7f08dfffe000 ---p 00001000 103:05 1189094                   /usr/lib/x86_64-linux-gnu/libxshmfence.so.1.0.0
7f08dfffe000-7f08dffff000 r--p 00000000 103:05 1189094                   /usr/lib/x86_64-linux-gnu/libxshmfence.so.1.0.0
7f08dffff000-7f08e0000000 rw-p 00001000 103:05 1189094                   /usr/lib/x86_64-linux-gnu/libxshmfence.so.1.0.0
7f08e0000000-7f08e0021000 rw-p 00000000 00:00 0 
7f08e0021000-7f08e4000000 ---p 00000000 00:00 0 
7f08e4003000-7f08e4004000 rw-s 00000000 00:01 535                        /memfd:xshmfence (deleted)
7f08e4004000-7f08e4008000 rw-s 118415000 00:0e 13531                     anon_inode:i915.gem
7f08e4008000-7f08e4018000 rw-s 11335d000 00:0e 13531                     anon_inode:i915.gem
7f08e4018000-7f08e401a000 r--p 00000000 103:05 1188004                   /usr/lib/x86_64-linux-gnu/libffi.so.7.1.0
7f08e401a000-7f08e4020000 r-xp 00002000 103:05 1188004                   /usr/lib/x86_64-linux-gnu/libffi.so.7.1.0
7f08e4020000-7f08e4021000 r--p 00008000 103:05 1188004                   /usr/lib/x86_64-linux-gnu/libffi.so.7.1.0
7f08e4021000-7f08e4022000 ---p 00009000 103:05 1188004                   /usr/lib/x86_64-linux-gnu/libffi.so.7.1.0
7f08e4022000-7f08e4023000 r--p 00009000 103:05 1188004                   /usr/lib/x86_64-linux-gnu/libffi.so.7.1.0
7f08e4023000-7f08e4024000 rw-p 0000a000 103:05 1188004                   /usr/lib/x86_64-linux-gnu/libffi.so.7.1.0
7f08e4024000-7f08e4026000 r--p 00000000 103:05 1184967                   /usr/lib/x86_64-linux-gnu/libdrm_nouveau.so.2.0.0
7f08e4026000-7f08e402b000 r-xp 00002000 103:05 1184967                   /usr/lib/x86_64-linux-gnu/libdrm_nouveau.so.2.0.0
7f08e402b000-7f08e402d000 r--p 00007000 103:05 1184967                   /usr/lib/x86_64-linux-gnu/libdrm_nouveau.so.2.0.0
7f08e402d000-7f08e402e000 r--p 00008000 103:05 1184967                   /usr/lib/x86_64-linux-gnu/libdrm_nouveau.so.2.0.0
7f08e402e000-7f08e402f000 rw-p 00009000 103:05 1184967                   /usr/lib/x86_64-linux-gnu/libdrm_nouveau.so.2.0.0
7f08e402f000-7f08e4032000 r--p 00000000 103:05 1181811                   /usr/lib/x86_64-linux-gnu/libdrm_amdgpu.so.1.0.0
7f08e4032000-7f08e4037000 r-xp 00003000 103:05 1181811                   /usr/lib/x86_64-linux-gnu/libdrm_amdgpu.so.1.0.0
7f08e4037000-7f08e4039000 r--p 00008000 103:05 1181811                   /usr/lib/x86_64-linux-gnu/libdrm_amdgpu.so.1.0.0
7f08e4039000-7f08e403a000 r--p 00009000 103:05 1181811                   /usr/lib/x86_64-linux-gnu/libdrm_amdgpu.so.1.0.0
7f08e403a000-7f08e403b000 rw-p 0000a000 103:05 1181811                   /usr/lib/x86_64-linux-gnu/libdrm_amdgpu.so.1.0.0
7f08e403b000-7f08e403e000 r--p 00000000 103:05 1180338                   /usr/lib/x86_64-linux-gnu/libelf-0.176.so
7f08e403e000-7f08e4050000 r-xp 00003000 103:05 1180338                   /usr/lib/x86_64-linux-gnu/libelf-0.176.so
7f08e4050000-7f08e4055000 r--p 00015000 103:05 1180338                   /usr/lib/x86_64-linux-gnu/libelf-0.176.so
7f08e4055000-7f08e4056000 r--p 00019000 103:05 1180338                   /usr/lib/x86_64-linux-gnu/libelf-0.176.so
7f08e4056000-7f08e4057000 rw-p 0001a000 103:05 1180338                   /usr/lib/x86_64-linux-gnu/libelf-0.176.so
7f08e4057000-7f08e4059000 r--p 00000000 103:05 1184971                   /usr/lib/x86_64-linux-gnu/libdrm_radeon.so.1.0.1
7f08e4059000-7f08e4060000 r-xp 00002000 103:05 1184971                   /usr/lib/x86_64-linux-gnu/libdrm_radeon.so.1.0.1
7f08e4060000-7f08e4064000 r--p 00009000 103:05 1184971                   /usr/lib/x86_64-linux-gnu/libdrm_radeon.so.1.0.1
7f08e4064000-7f08e4065000 r--p 0000c000 103:05 1184971                   /usr/lib/x86_64-linux-gnu/libdrm_radeon.so.1.0.1
7f08e4065000-7f08e4066000 rw-p 0000d000 103:05 1184971                   /usr/lib/x86_64-linux-gnu/libdrm_radeon.so.1.0.1
7f08e4066000-7f08e4069000 r--p 00000000 103:05 1184975                   /usr/lib/x86_64-linux-gnu/libsensors.so.5.0.0
7f08e4069000-7f08e4070000 r-xp 00003000 103:05 1184975                   /usr/lib/x86_64-linux-gnu/libsensors.so.5.0.0
7f08e4070000-7f08e4075000 r--p 0000a000 103:05 1184975                   /usr/lib/x86_64-linux-gnu/libsensors.so.5.0.0
7f08e4075000-7f08e4076000 r--p 0000e000 103:05 1184975                   /usr/lib/x86_64-linux-gnu/libsensors.so.5.0.0
7f08e4076000-7f08e4077000 rw-p 0000f000 103:05 1184975                   /usr/lib/x86_64-linux-gnu/libsensors.so.5.0.0
7f08e4077000-7f08e407b000 r--p 00000000 103:05 1182005                   /usr/lib/x86_64-linux-gnu/libzstd.so.1.4.4
7f08e407b000-7f08e410d000 r-xp 00004000 103:05 1182005                   /usr/lib/x86_64-linux-gnu/libzstd.so.1.4.4
7f08e410d000-7f08e411e000 r--p 00096000 103:05 1182005                   /usr/lib/x86_64-linux-gnu/libzstd.so.1.4.4
7f08e411e000-7f08e411f000 r--p 000a6000 103:05 1182005                   /usr/lib/x86_64-linux-gnu/libzstd.so.1.4.4
7f08e411f000-7f08e4120000 rw-p 000a7000 103:05 1182005                   /usr/lib/x86_64-linux-gnu/libzstd.so.1.4.4
7f08e4120000-7f08e4123000 r--p 00000000 103:05 1189070                   /usr/lib/x86_64-linux-gnu/libxcb-xfixes.so.0.0.0
7f08e4123000-7f08e4126000 r-xp 00003000 103:05 1189070                   /usr/lib/x86_64-linux-gnu/libxcb-xfixes.so.0.0.0
7f08e4126000-7f08e4127000 r--p 00006000 103:05 1189070                   /usr/lib/x86_64-linux-gnu/libxcb-xfixes.so.0.0.0
7f08e4127000-7f08e4128000 ---p 00007000 103:05 1189070                   /usr/lib/x86_64-linux-gnu/libxcb-xfixes.so.0.0.0
7f08e4128000-7f08e4129000 r--p 00007000 103:05 1189070                   /usr/lib/x86_64-linux-gnu/libxcb-xfixes.so.0.0.0
7f08e4129000-7f08e412a000 rw-p 00008000 103:05 1189070                   /usr/lib/x86_64-linux-gnu/libxcb-xfixes.so.0.0.0
7f08e412a000-7f08e412d000 r--p 00000000 103:05 1189066                   /usr/lib/x86_64-linux-gnu/libxcb-sync.so.1.0.0
7f08e412d000-7f08e4130000 r-xp 00003000 103:05 1189066                   /usr/lib/x86_64-linux-gnu/libxcb-sync.so.1.0.0
7f08e4130000-7f08e4131000 r--p 00006000 103:05 1189066                   /usr/lib/x86_64-linux-gnu/libxcb-sync.so.1.0.0
7f08e4131000-7f08e4132000 ---p 00007000 103:05 1189066                   /usr/lib/x86_64-linux-gnu/libxcb-sync.so.1.0.0
7f08e4132000-7f08e4133000 r--p 00007000 103:05 1189066                   /usr/lib/x86_64-linux-gnu/libxcb-sync.so.1.0.0
7f08e4133000-7f08e4134000 rw-p 00008000 103:05 1189066                   /usr/lib/x86_64-linux-gnu/libxcb-sync.so.1.0.0
7f08e4134000-7f08e4135000 r--p 00000000 103:05 1189052                   /usr/lib/x86_64-linux-gnu/libxcb-present.so.0.0.0
7f08e4135000-7f08e4136000 r-xp 00001000 103:05 1189052                   /usr/lib/x86_64-linux-gnu/libxcb-present.so.0.0.0
7f08e4136000-7f08e4137000 r--p 00002000 103:05 1189052                   /usr/lib/x86_64-linux-gnu/libxcb-present.so.0.0.0
7f08e4137000-7f08e4138000 r--p 00002000 103:05 1189052                   /usr/lib/x86_64-linux-gnu/libxcb-present.so.0.0.0
7f08e4138000-7f08e4139000 rw-p 00003000 103:05 1189052                   /usr/lib/x86_64-linux-gnu/libxcb-present.so.0.0.0
7f08e4139000-7f08e413d000 r--p 00000000 103:05 1182015                   /usr/lib/x86_64-linux-gnu/libexpat.so.1.6.11
7f08e413d000-7f08e4159000 r-xp 00004000 103:05 1182015                   /usr/lib/x86_64-linux-gnu/libexpat.so.1.6.11
7f08e4159000-7f08e4163000 r--p 00020000 103:05 1182015                   /usr/lib/x86_64-linux-gnu/libexpat.so.1.6.11
7f08e4163000-7f08e4164000 ---p 0002a000 103:05 1182015                   /usr/lib/x86_64-linux-gnu/libexpat.so.1.6.11
7f08e4164000-7f08e4166000 r--p 0002a000 103:05 1182015                   /usr/lib/x86_64-linux-gnu/libexpat.so.1.6.11
7f08e4166000-7f08e4167000 rw-p 0002c000 103:05 1182015                   /usr/lib/x86_64-linux-gnu/libexpat.so.1.6.11
7f08e4167000-7f08e4172000 r--p 00000000 103:05 1189044                   /usr/lib/x86_64-linux-gnu/libxcb-glx.so.0.0.0
7f08e4172000-7f08e417b000 r-xp 0000b000 103:05 1189044                   /usr/lib/x86_64-linux-gnu/libxcb-glx.so.0.0.0
7f08e417b000-7f08e4180000 r--p 00014000 103:05 1189044                   /usr/lib/x86_64-linux-gnu/libxcb-glx.so.0.0.0
7f08e4180000-7f08e4181000 ---p 00019000 103:05 1189044                   /usr/lib/x86_64-linux-gnu/libxcb-glx.so.0.0.0
7f08e4181000-7f08e4183000 r--p 00019000 103:05 1189044                   /usr/lib/x86_64-linux-gnu/libxcb-glx.so.0.0.0
7f08e4183000-7f08e4184000 rw-p 0001b000 103:05 1189044                   /usr/lib/x86_64-linux-gnu/libxcb-glx.so.0.0.0
7f08e4184000-7f08e4189000 r--p 00000000 103:05 1181739                   /usr/lib/x86_64-linux-gnu/libdrm.so.2.4.0
7f08e4189000-7f08e4194000 r-xp 00005000 103:05 1181739                   /usr/lib/x86_64-linux-gnu/libdrm.so.2.4.0
7f08e4194000-7f08e4198000 r--p 00010000 103:05 1181739                   /usr/lib/x86_64-linux-gnu/libdrm.so.2.4.0
7f08e4198000-7f08e4199000 r--p 00013000 103:05 1181739                   /usr/lib/x86_64-linux-gnu/libdrm.so.2.4.0
7f08e4199000-7f08e419a000 rw-p 00014000 103:05 1181739                   /usr/lib/x86_64-linux-gnu/libdrm.so.2.4.0
7f08e419a000-7f08e41a7000 r--p 00000000 103:05 1179852                   /usr/lib/x86_64-linux-gnu/libglapi.so.0.0.0
7f08e41a7000-7f08e41b5000 r-xp 0000d000 103:05 1179852                   /usr/lib/x86_64-linux-gnu/libglapi.so.0.0.0
7f08e41b5000-7f08e41ce000 r--p 0001b000 103:05 1179852                   /usr/lib/x86_64-linux-gnu/libglapi.so.0.0.0
7f08e41ce000-7f08e41cf000 ---p 00034000 103:05 1179852                   /usr/lib/x86_64-linux-gnu/libglapi.so.0.0.0
7f08e41cf000-7f08e41d3000 r--p 00034000 103:05 1179852                   /usr/lib/x86_64-linux-gnu/libglapi.so.0.0.0
7f08e41d3000-7f08e41d4000 rw-p 00038000 103:05 1179852                   /usr/lib/x86_64-linux-gnu/libglapi.so.0.0.0
7f08e41d4000-7f08e41d5000 rw-p 00000000 00:00 0 
7f08e41d5000-7f08e41ee000 r--p 00000000 103:05 1179666                   /usr/lib/x86_64-linux-gnu/libGLX_mesa.so.0.0.0
7f08e41ee000-7f08e4232000 r-xp 00019000 103:05 1179666                   /usr/lib/x86_64-linux-gnu/libGLX_mesa.so.0.0.0
7f08e4232000-7f08e4249000 r--p 0005d000 103:05 1179666                   /usr/lib/x86_64-linux-gnu/libGLX_mesa.so.0.0.0
7f08e4249000-7f08e424c000 r--p 00073000 103:05 1179666                   /usr/lib/x86_64-linux-gnu/libGLX_mesa.so.0.0.0
7f08e424c000-7f08e424d000 rw-p 00076000 103:05 1179666                   /usr/lib/x86_64-linux-gnu/libGLX_mesa.so.0.0.0
7f08e424d000-7f08e424e000 rw-p 00000000 00:00 0 
7f08e424e000-7f08e428e000 r--p 00000000 103:05 1184989                   /usr/lib/x86_64-linux-gnu/libGLdispatch.so.0.0.0
7f08e428e000-7f08e42cd000 r-xp 00040000 103:05 1184989                   /usr/lib/x86_64-linux-gnu/libGLdispatch.so.0.0.0
7f08e42cd000-7f08e42e1000 r--p 0007f000 103:05 1184989                   /usr/lib/x86_64-linux-gnu/libGLdispatch.so.0.0.0
7f08e42e1000-7f08e42fd000 r--p 00092000 103:05 1184989                   /usr/lib/x86_64-linux-gnu/libGLdispatch.so.0.0.0
7f08e42fd000-7f08e42fe000 rw-p 000ae000 103:05 1184989                   /usr/lib/x86_64-linux-gnu/libGLdispatch.so.0.0.0
7f08e42fe000-7f08e4306000 rw-p 00000000 00:00 0 
7f08e4306000-7f08e4309000 r--p 00000000 103:05 1184983                   /usr/lib/x86_64-linux-gnu/libGLX.so.0.0.0
7f08e4309000-7f08e4324000 r-xp 00003000 103:05 1184983                   /usr/lib/x86_64-linux-gnu/libGLX.so.0.0.0
7f08e4324000-7f08e4328000 r--p 0001e000 103:05 1184983                   /usr/lib/x86_64-linux-gnu/libGLX.so.0.0.0
7f08e4328000-7f08e4329000 r--p 00021000 103:05 1184983                   /usr/lib/x86_64-linux-gnu/libGLX.so.0.0.0
7f08e4329000-7f08e432a000 rw-p 00022000 103:05 1184983                   /usr/lib/x86_64-linux-gnu/libGLX.so.0.0.0
7f08e432a000-7f08e433a000 rw-p 00000000 00:00 0 
7f08e433a000-7f08e433e000 rw-s 101f0f000 00:0e 13531                     anon_inode:i915.gem
7f08e433e000-7f08e433f000 rw-s 00000000 00:01 534                        /memfd:xshmfence (deleted)
7f08e433f000-7f08e434f000 rw-s 11314d000 00:0e 13531                     anon_inode:i915.gem
7f08e434f000-7f08e4350000 ---p 00000000 00:00 0 
7f08e4350000-7f08e4b50000 rw-p 00000000 00:00 0 
7f08e4b50000-7f08e4b54000 ---p 00000000 00:00 0 
7f08e4b54000-7f08e4c51000 rw-p 00000000 00:00 0 
7f08e4c51000-7f08e4c52000 ---p 00000000 00:00 0 
7f08e4c52000-7f08e5452000 rw-p 00000000 00:00 0 
7f08e5452000-7f08e5453000 ---p 00000000 00:00 0 
7f08e5453000-7f08e5c53000 rw-p 00000000 00:00 0 
7f08e5c53000-7f08e5c54000 ---p 00000000 00:00 0 
7f08e5c54000-7f08e6454000 rw-p 00000000 00:00 0 
7f08e6454000-7f08e6458000 r--p 00000000 103:05 1188152                   /usr/lib/x86_64-linux-gnu/libgpg-error.so.0.28.0
7f08e6458000-7f08e646b000 r-xp 00004000 103:05 1188152                   /usr/lib/x86_64-linux-gnu/libgpg-error.so.0.28.0
7f08e646b000-7f08e6475000 r--p 00017000 103:05 1188152                   /usr/lib/x86_64-linux-gnu/libgpg-error.so.0.28.0
7f08e6475000-7f08e6476000 r--p 00020000 103:05 1188152                   /usr/lib/x86_64-linux-gnu/libgpg-error.so.0.28.0
7f08e6476000-7f08e6477000 rw-p 00021000 103:05 1188152                   /usr/lib/x86_64-linux-gnu/libgpg-error.so.0.28.0
7f08e6477000-7f08e647b000 r--p 00000000 103:05 1181832                   /usr/lib/x86_64-linux-gnu/libresolv-2.31.so
7f08e647b000-7f08e648b000 r-xp 00004000 103:05 1181832                   /usr/lib/x86_64-linux-gnu/libresolv-2.31.so
7f08e648b000-7f08e648f000 r--p 00014000 103:05 1181832                   /usr/lib/x86_64-linux-gnu/libresolv-2.31.so
7f08e648f000-7f08e6490000 r--p 00017000 103:05 1181832                   /usr/lib/x86_64-linux-gnu/libresolv-2.31.so
7f08e6490000-7f08e6491000 rw-p 00018000 103:05 1181832                   /usr/lib/x86_64-linux-gnu/libresolv-2.31.so
7f08e6491000-7f08e6493000 rw-p 00000000 00:00 0 
7f08e6493000-7f08e64a7000 r--p 00000000 103:05 1188976                   /usr/lib/x86_64-linux-gnu/libvorbisenc.so.2.0.11
7f08e64a7000-7f08e64aa000 r-xp 00014000 103:05 1188976                   /usr/lib/x86_64-linux-gnu/libvorbisenc.so.2.0.11
7f08e64aa000-7f08e6521000 r--p 00017000 103:05 1188976                   /usr/lib/x86_64-linux-gnu/libvorbisenc.so.2.0.11
7f08e6521000-7f08e653d000 r--p 0008d000 103:05 1188976                   /usr/lib/x86_64-linux-gnu/libvorbisenc.so.2.0.11
7f08e653d000-7f08e653e000 rw-p 000a9000 103:05 1188976                   /usr/lib/x86_64-linux-gnu/libvorbisenc.so.2.0.11
7f08e653e000-7f08e6541000 r--p 00000000 103:05 1188974                   /usr/lib/x86_64-linux-gnu/libvorbis.so.0.4.8
7f08e6541000-7f08e6558000 r-xp 00003000 103:05 1188974                   /usr/lib/x86_64-linux-gnu/libvorbis.so.0.4.8
7f08e6558000-7f08e6569000 r--p 0001a000 103:05 1188974                   /usr/lib/x86_64-linux-gnu/libvorbis.so.0.4.8
7f08e6569000-7f08e656a000 ---p 0002b000 103:05 1188974                   /usr/lib/x86_64-linux-gnu/libvorbis.so.0.4.8
7f08e656a000-7f08e656b000 r--p 0002b000 103:05 1188974                   /usr/lib/x86_64-linux-gnu/libvorbis.so.0.4.8
7f08e656b000-7f08e656c000 rw-p 0002c000 103:05 1188974                   /usr/lib/x86_64-linux-gnu/libvorbis.so.0.4.8
7f08e656c000-7f08e656e000 r--p 00000000 103:05 1188563                   /usr/lib/x86_64-linux-gnu/libogg.so.0.8.4
7f08e656e000-7f08e6573000 r-xp 00002000 103:05 1188563                   /usr/lib/x86_64-linux-gnu/libogg.so.0.8.4
7f08e6573000-7f08e6576000 r--p 00007000 103:05 1188563                   /usr/lib/x86_64-linux-gnu/libogg.so.0.8.4
7f08e6576000-7f08e6577000 ---p 0000a000 103:05 1188563                   /usr/lib/x86_64-linux-gnu/libogg.so.0.8.4
7f08e6577000-7f08e6578000 r--p 0000a000 103:05 1188563                   /usr/lib/x86_64-linux-gnu/libogg.so.0.8.4
7f08e6578000-7f08e6579000 rw-p 0000b000 103:05 1188563                   /usr/lib/x86_64-linux-gnu/libogg.so.0.8.4
7f08e6579000-7f08e6581000 r--p 00000000 103:05 1180465                   /usr/lib/x86_64-linux-gnu/libFLAC.so.8.3.0
7f08e6581000-7f08e65aa000 r-xp 00008000 103:05 1180465                   /usr/lib/x86_64-linux-gnu/libFLAC.so.8.3.0
7f08e65aa000-7f08e65b4000 r--p 00031000 103:05 1180465                   /usr/lib/x86_64-linux-gnu/libFLAC.so.8.3.0
7f08e65b4000-7f08e65b5000 ---p 0003b000 103:05 1180465                   /usr/lib/x86_64-linux-gnu/libFLAC.so.8.3.0
7f08e65b5000-7f08e65b6000 r--p 0003b000 103:05 1180465                   /usr/lib/x86_64-linux-gnu/libFLAC.so.8.3.0
7f08e65b6000-7f08e65b7000 rw-p 0003c000 103:05 1180465                   /usr/lib/x86_64-linux-gnu/libFLAC.so.8.3.0
7f08e65b7000-7f08e65bb000 r--p 00000000 103:05 1181821                   /usr/lib/x86_64-linux-gnu/libnsl-2.31.so
7f08e65bb000-7f08e65cb000 r-xp 00004000 103:05 1181821                   /usr/lib/x86_64-linux-gnu/libnsl-2.31.so
7f08e65cb000-7f08e65d0000 r--p 00014000 103:05 1181821                   /usr/lib/x86_64-linux-gnu/libnsl-2.31.so
7f08e65d0000-7f08e65d1000 r--p 00018000 103:05 1181821                   /usr/lib/x86_64-linux-gnu/libnsl-2.31.so
7f08e65d1000-7f08e65d2000 rw-p 00019000 103:05 1181821                   /usr/lib/x86_64-linux-gnu/libnsl-2.31.so
7f08e65d2000-7f08e65d4000 rw-p 00000000 00:00 0 
7f08e65d4000-7f08e65e0000 r--p 00000000 103:05 1180037                   /usr/lib/x86_64-linux-gnu/libgcrypt.so.20.2.5
7f08e65e0000-7f08e66ae000 r-xp 0000c000 103:05 1180037                   /usr/lib/x86_64-linux-gnu/libgcrypt.so.20.2.5
7f08e66ae000-7f08e66eb000 r--p 000da000 103:05 1180037                   /usr/lib/x86_64-linux-gnu/libgcrypt.so.20.2.5
7f08e66eb000-7f08e66ed000 r--p 00116000 103:05 1180037                   /usr/lib/x86_64-linux-gnu/libgcrypt.so.20.2.5
7f08e66ed000-7f08e66f2000 rw-p 00118000 103:05 1180037                   /usr/lib/x86_64-linux-gnu/libgcrypt.so.20.2.5
7f08e66f2000-7f08e66f5000 r--p 00000000 103:05 1180302                   /usr/lib/x86_64-linux-gnu/liblzma.so.5.2.4
7f08e66f5000-7f08e670d000 r-xp 00003000 103:05 1180302                   /usr/lib/x86_64-linux-gnu/liblzma.so.5.2.4
7f08e670d000-7f08e6718000 r--p 0001b000 103:05 1180302                   /usr/lib/x86_64-linux-gnu/liblzma.so.5.2.4
7f08e6718000-7f08e6719000 ---p 00026000 103:05 1180302                   /usr/lib/x86_64-linux-gnu/liblzma.so.5.2.4
7f08e6719000-7f08e671a000 r--p 00026000 103:05 1180302                   /usr/lib/x86_64-linux-gnu/liblzma.so.5.2.4
7f08e671a000-7f08e671b000 rw-p 00027000 103:05 1180302                   /usr/lib/x86_64-linux-gnu/liblzma.so.5.2.4
7f08e671b000-7f08e6720000 r-xp 00000000 103:05 1187691                   /usr/lib/x86_64-linux-gnu/libasyncns.so.0.3.1
7f08e6720000-7f08e691f000 ---p 00005000 103:05 1187691                   /usr/lib/x86_64-linux-gnu/libasyncns.so.0.3.1
7f08e691f000-7f08e6920000 r--p 00004000 103:05 1187691                   /usr/lib/x86_64-linux-gnu/libasyncns.so.0.3.1
7f08e6920000-7f08e6921000 rw-p 00005000 103:05 1187691                   /usr/lib/x86_64-linux-gnu/libasyncns.so.0.3.1
7f08e6921000-7f08e6928000 r--p 00000000 103:05 1181355                   /usr/lib/x86_64-linux-gnu/libsndfile.so.1.0.28
7f08e6928000-7f08e697c000 r-xp 00007000 103:05 1181355                   /usr/lib/x86_64-linux-gnu/libsndfile.so.1.0.28
7f08e697c000-7f08e699a000 r--p 0005b000 103:05 1181355                   /usr/lib/x86_64-linux-gnu/libsndfile.so.1.0.28
7f08e699a000-7f08e699d000 r--p 00078000 103:05 1181355                   /usr/lib/x86_64-linux-gnu/libsndfile.so.1.0.28
7f08e699d000-7f08e699e000 rw-p 0007b000 103:05 1181355                   /usr/lib/x86_64-linux-gnu/libsndfile.so.1.0.28
7f08e699e000-7f08e69a0000 rw-p 00000000 00:00 0 
7f08e69a0000-7f08e69b0000 r--p 00000000 103:05 1179756                   /usr/lib/x86_64-linux-gnu/libsystemd.so.0.28.0
7f08e69b0000-7f08e6a25000 r-xp 00010000 103:05 1179756                   /usr/lib/x86_64-linux-gnu/libsystemd.so.0.28.0
7f08e6a25000-7f08e6a4a000 r--p 00085000 103:05 1179756                   /usr/lib/x86_64-linux-gnu/libsystemd.so.0.28.0
7f08e6a4a000-7f08e6a4d000 r--p 000a9000 103:05 1179756                   /usr/lib/x86_64-linux-gnu/libsystemd.so.0.28.0
7f08e6a4d000-7f08e6a4e000 rw-p 000ac000 103:05 1179756                   /usr/lib/x86_64-linux-gnu/libsystemd.so.0.28.0
7f08e6a4e000-7f08e6a4f000 rw-p 00000000 00:00 0 
7f08e6a4f000-7f08e6a5a000 r--p 00000000 103:05 1179858                   /usr/lib/x86_64-linux-gnu/libdbus-1.so.3.19.11
7f08e6a5a000-7f08e6a88000 r-xp 0000b000 103:05 1179858                   /usr/lib/x86_64-linux-gnu/libdbus-1.so.3.19.11
7f08e6a88000-7f08e6a9d000 r--p 00039000 103:05 1179858                   /usr/lib/x86_64-linux-gnu/libdbus-1.so.3.19.11
7f08e6a9d000-7f08e6a9e000 ---p 0004e000 103:05 1179858                   /usr/lib/x86_64-linux-gnu/libdbus-1.so.3.19.11
7f08e6a9e000-7f08e6a9f000 r--p 0004e000 103:05 1179858                   /usr/lib/x86_64-linux-gnu/libdbus-1.so.3.19.11
7f08e6a9f000-7f08e6aa0000 rw-p 0004f000 103:05 1179858                   /usr/lib/x86_64-linux-gnu/libdbus-1.so.3.19.11
7f08e6aa0000-7f08e6ab1000 r--p 00000000 103:05 1706455                   /usr/lib/x86_64-linux-gnu/pulseaudio/libpulsecommon-13.99.so
7f08e6ab1000-7f08e6af9000 r-xp 00011000 103:05 1706455                   /usr/lib/x86_64-linux-gnu/pulseaudio/libpulsecommon-13.99.so
7f08e6af9000-7f08e6b1e000 r--p 00059000 103:05 1706455                   /usr/lib/x86_64-linux-gnu/pulseaudio/libpulsecommon-13.99.so
7f08e6b1e000-7f08e6b1f000 ---p 0007e000 103:05 1706455                   /usr/lib/x86_64-linux-gnu/pulseaudio/libpulsecommon-13.99.so
7f08e6b1f000-7f08e6b21000 r--p 0007e000 103:05 1706455                   /usr/lib/x86_64-linux-gnu/pulseaudio/libpulsecommon-13.99.so
7f08e6b21000-7f08e6b22000 rw-p 00080000 103:05 1706455                   /usr/lib/x86_64-linux-gnu/pulseaudio/libpulsecommon-13.99.so
7f08e6b22000-7f08e6b35000 r--p 00000000 103:05 1048757                   /tmp/lwjgl_cillian/3.3.3+5/x64/libopenal.so
7f08e6b35000-7f08e6bd5000 r-xp 00013000 103:05 1048757                   /tmp/lwjgl_cillian/3.3.3+5/x64/libopenal.so
7f08e6bd5000-7f08e6c37000 r--p 000b3000 103:05 1048757                   /tmp/lwjgl_cillian/3.3.3+5/x64/libopenal.so
7f08e6c37000-7f08e6c38000 ---p 00115000 103:05 1048757                   /tmp/lwjgl_cillian/3.3.3+5/x64/libopenal.so
7f08e6c38000-7f08e6c3d000 r--p 00115000 103:05 1048757                   /tmp/lwjgl_cillian/3.3.3+5/x64/libopenal.so
7f08e6c3d000-7f08e6c3e000 rw-p 0011a000 103:05 1048757                   /tmp/lwjgl_cillian/3.3.3+5/x64/libopenal.so
7f08e6c3e000-7f08e6cb9000 rw-p 00000000 00:00 0 
7f08e6cb9000-7f08e6cc2000 r-xp 00000000 103:05 1187636                   /usr/lib/x86_64-linux-gnu/libXrender.so.1.3.0
7f08e6cc2000-7f08e6ec1000 ---p 00009000 103:05 1187636                   /usr/lib/x86_64-linux-gnu/libXrender.so.1.3.0
7f08e6ec1000-7f08e6ec2000 r--p 00008000 103:05 1187636                   /usr/lib/x86_64-linux-gnu/libXrender.so.1.3.0
7f08e6ec2000-7f08e6ec3000 rw-p 00009000 103:05 1187636                   /usr/lib/x86_64-linux-gnu/libXrender.so.1.3.0
7f08e6ec3000-7f08e6edb000 r--p 00000000 103:05 1182009                   /usr/lib/x86_64-linux-gnu/libX11.so.6.3.0
7f08e6edb000-7f08e6f66000 r-xp 00018000 103:05 1182009                   /usr/lib/x86_64-linux-gnu/libX11.so.6.3.0
7f08e6f66000-7f08e6ffa000 r--p 000a3000 103:05 1182009                   /usr/lib/x86_64-linux-gnu/libX11.so.6.3.0
7f08e6ffa000-7f08e6ffb000 ---p 00137000 103:05 1182009                   /usr/lib/x86_64-linux-gnu/libX11.so.6.3.0
7f08e6ffb000-7f08e6ffc000 r--p 00137000 103:05 1182009                   /usr/lib/x86_64-linux-gnu/libX11.so.6.3.0
7f08e6ffc000-7f08e7000000 rw-p 00138000 103:05 1182009                   /usr/lib/x86_64-linux-gnu/libX11.so.6.3.0
7f08e7000000-7f08e7800000 rw-p 00000000 00:00 0 
7f08e7800000-7f08e7802000 r--p 00000000 103:05 1180273                   /usr/lib/x86_64-linux-gnu/liblz4.so.1.9.2
7f08e7802000-7f08e781c000 r-xp 00002000 103:05 1180273                   /usr/lib/x86_64-linux-gnu/liblz4.so.1.9.2
7f08e781c000-7f08e781f000 r--p 0001c000 103:05 1180273                   /usr/lib/x86_64-linux-gnu/liblz4.so.1.9.2
7f08e781f000-7f08e7820000 r--p 0001e000 103:05 1180273                   /usr/lib/x86_64-linux-gnu/liblz4.so.1.9.2
7f08e7820000-7f08e7821000 rw-p 0001f000 103:05 1180273                   /usr/lib/x86_64-linux-gnu/liblz4.so.1.9.2
7f08e7821000-7f08e7824000 r--p 00000000 103:05 1182013                   /usr/lib/x86_64-linux-gnu/libapparmor.so.1.6.1
7f08e7824000-7f08e782d000 r-xp 00003000 103:05 1182013                   /usr/lib/x86_64-linux-gnu/libapparmor.so.1.6.1
7f08e782d000-7f08e7834000 r--p 0000c000 103:05 1182013                   /usr/lib/x86_64-linux-gnu/libapparmor.so.1.6.1
7f08e7834000-7f08e7835000 r--p 00012000 103:05 1182013                   /usr/lib/x86_64-linux-gnu/libapparmor.so.1.6.1
7f08e7835000-7f08e7836000 rw-p 00013000 103:05 1182013                   /usr/lib/x86_64-linux-gnu/libapparmor.so.1.6.1
7f08e7836000-7f08e7839000 r--p 00000000 103:05 1189036                   /usr/lib/x86_64-linux-gnu/libwrap.so.0.7.6
7f08e7839000-7f08e783e000 r-xp 00003000 103:05 1189036                   /usr/lib/x86_64-linux-gnu/libwrap.so.0.7.6
7f08e783e000-7f08e7840000 r--p 00008000 103:05 1189036                   /usr/lib/x86_64-linux-gnu/libwrap.so.0.7.6
7f08e7840000-7f08e7841000 r--p 00009000 103:05 1189036                   /usr/lib/x86_64-linux-gnu/libwrap.so.0.7.6
7f08e7841000-7f08e7842000 rw-p 0000a000 103:05 1189036                   /usr/lib/x86_64-linux-gnu/libwrap.so.0.7.6
7f08e7842000-7f08e784e000 r--p 00000000 103:05 1179765                   /usr/lib/x86_64-linux-gnu/libpulse.so.0.21.2
7f08e784e000-7f08e787e000 r-xp 0000c000 103:05 1179765                   /usr/lib/x86_64-linux-gnu/libpulse.so.0.21.2
7f08e787e000-7f08e7894000 r--p 0003c000 103:05 1179765                   /usr/lib/x86_64-linux-gnu/libpulse.so.0.21.2
7f08e7894000-7f08e7896000 r--p 00051000 103:05 1179765                   /usr/lib/x86_64-linux-gnu/libpulse.so.0.21.2
7f08e7896000-7f08e7897000 rw-p 00053000 103:05 1179765                   /usr/lib/x86_64-linux-gnu/libpulse.so.0.21.2
7f08e7897000-7f08e7898000 r--p 00000000 103:05 1181807                   /usr/lib/x86_64-linux-gnu/libX11-xcb.so.1.0.0
7f08e7898000-7f08e7899000 r-xp 00001000 103:05 1181807                   /usr/lib/x86_64-linux-gnu/libX11-xcb.so.1.0.0
7f08e7899000-7f08e789a000 r--p 00002000 103:05 1181807                   /usr/lib/x86_64-linux-gnu/libX11-xcb.so.1.0.0
7f08e789a000-7f08e789b000 r--p 00002000 103:05 1181807                   /usr/lib/x86_64-linux-gnu/libX11-xcb.so.1.0.0
7f08e789b000-7f08e789c000 rw-p 00003000 103:05 1181807                   /usr/lib/x86_64-linux-gnu/libX11-xcb.so.1.0.0
7f08e789c000-7f08e789e000 r--p 00000000 103:05 1187618                   /usr/lib/x86_64-linux-gnu/libXfixes.so.3.1.0
7f08e789e000-7f08e78a1000 r-xp 00002000 103:05 1187618                   /usr/lib/x86_64-linux-gnu/libXfixes.so.3.1.0
7f08e78a1000-7f08e78a2000 r--p 00005000 103:05 1187618                   /usr/lib/x86_64-linux-gnu/libXfixes.so.3.1.0
7f08e78a2000-7f08e78a3000 r--p 00005000 103:05 1187618                   /usr/lib/x86_64-linux-gnu/libXfixes.so.3.1.0
7f08e78a3000-7f08e78a4000 rw-p 00006000 103:05 1187618                   /usr/lib/x86_64-linux-gnu/libXfixes.so.3.1.0
7f08e78a4000-7f08e78a7000 r--p 00000000 103:05 1187610                   /usr/lib/x86_64-linux-gnu/libXcursor.so.1.0.2
7f08e78a7000-7f08e78ad000 r-xp 00003000 103:05 1187610                   /usr/lib/x86_64-linux-gnu/libXcursor.so.1.0.2
7f08e78ad000-7f08e78af000 r--p 00009000 103:05 1187610                   /usr/lib/x86_64-linux-gnu/libXcursor.so.1.0.2
7f08e78af000-7f08e78b0000 r--p 0000a000 103:05 1187610                   /usr/lib/x86_64-linux-gnu/libXcursor.so.1.0.2
7f08e78b0000-7f08e78b1000 rw-p 0000b000 103:05 1187610                   /usr/lib/x86_64-linux-gnu/libXcursor.so.1.0.2
7f08e78b1000-7f08e78b3000 r--p 00000000 103:05 1187634                   /usr/lib/x86_64-linux-gnu/libXrandr.so.2.2.0
7f08e78b3000-7f08e78ba000 r-xp 00002000 103:05 1187634                   /usr/lib/x86_64-linux-gnu/libXrandr.so.2.2.0
7f08e78ba000-7f08e78bc000 r--p 00009000 103:05 1187634                   /usr/lib/x86_64-linux-gnu/libXrandr.so.2.2.0
7f08e78bc000-7f08e78bd000 r--p 0000a000 103:05 1187634                   /usr/lib/x86_64-linux-gnu/libXrandr.so.2.2.0
7f08e78bd000-7f08e78be000 rw-p 0000b000 103:05 1187634                   /usr/lib/x86_64-linux-gnu/libXrandr.so.2.2.0
7f08e78be000-7f08e78c2000 r--p 00000000 103:05 1187616                   /usr/lib/x86_64-linux-gnu/libXext.so.6.4.0
7f08e78c2000-7f08e78cd000 r-xp 00004000 103:05 1187616                   /usr/lib/x86_64-linux-gnu/libXext.so.6.4.0
7f08e78cd000-7f08e78d1000 r--p 0000f000 103:05 1187616                   /usr/lib/x86_64-linux-gnu/libXext.so.6.4.0
7f08e78d1000-7f08e78d2000 r--p 00012000 103:05 1187616                   /usr/lib/x86_64-linux-gnu/libXext.so.6.4.0
7f08e78d2000-7f08e78d3000 rw-p 00013000 103:05 1187616                   /usr/lib/x86_64-linux-gnu/libXext.so.6.4.0
7f08e78d3000-7f08e78e1000 r--p 00000000 103:05 1048756                   /tmp/lwjgl_cillian/3.3.3+5/x64/libglfw.so
7f08e78e1000-7f08e7900000 r-xp 0000e000 103:05 1048756                   /tmp/lwjgl_cillian/3.3.3+5/x64/libglfw.so
7f08e7900000-7f08e7933000 r--p 0002d000 103:05 1048756                   /tmp/lwjgl_cillian/3.3.3+5/x64/libglfw.so
7f08e7933000-7f08e7934000 ---p 00060000 103:05 1048756                   /tmp/lwjgl_cillian/3.3.3+5/x64/libglfw.so
7f08e7934000-7f08e7937000 r--p 00060000 103:05 1048756                   /tmp/lwjgl_cillian/3.3.3+5/x64/libglfw.so
7f08e7937000-7f08e793a000 rw-p 00063000 103:05 1048756                   /tmp/lwjgl_cillian/3.3.3+5/x64/libglfw.so
7f08e793a000-7f08e795d000 rw-p 00000000 00:00 0 
7f08e795d000-7f08e7965000 r--p 00000000 103:05 1048755                   /tmp/lwjgl_cillian/3.3.3+5/x64/libjemalloc.so
7f08e7965000-7f08e79ba000 r-xp 00008000 103:05 1048755                   /tmp/lwjgl_cillian/3.3.3+5/x64/libjemalloc.so
7f08e79ba000-7f08e79ca000 r--p 0005d000 103:05 1048755                   /tmp/lwjgl_cillian/3.3.3+5/x64/libjemalloc.so
7f08e79ca000-7f08e79cb000 ---p 0006d000 103:05 1048755                   /tmp/lwjgl_cillian/3.3.3+5/x64/libjemalloc.so
7f08e79cb000-7f08e79d1000 r--p 0006d000 103:05 1048755                   /tmp/lwjgl_cillian/3.3.3+5/x64/libjemalloc.so
7f08e79d1000-7f08e79d2000 rw-p 00073000 103:05 1048755                   /tmp/lwjgl_cillian/3.3.3+5/x64/libjemalloc.so
7f08e79d2000-7f08e7bdc000 rw-p 00000000 00:00 0 
7f08e7bdc000-7f08e7bfc000 r-xp 00000000 103:05 1048754                   /tmp/libgdxcillian/da3a4817/libgdx64.so
7f08e7bfc000-7f08e7dfc000 ---p 00020000 103:05 1048754                   /tmp/libgdxcillian/da3a4817/libgdx64.so
7f08e7dfc000-7f08e7dfd000 r--p 00020000 103:05 1048754                   /tmp/libgdxcillian/da3a4817/libgdx64.so
7f08e7dfd000-7f08e7dfe000 rw-p 00021000 103:05 1048754                   /tmp/libgdxcillian/da3a4817/libgdx64.so
7f08e7dfe000-7f08e7e02000 ---p 00000000 00:00 0 
7f08e7e02000-7f08e7eff000 rw-p 00000000 00:00 0 
7f08e7eff000-7f08e7f03000 ---p 00000000 00:00 0 
7f08e7f03000-7f08e8000000 rw-p 00000000 00:00 0 
7f08e8000000-7f08e8021000 rw-p 00000000 00:00 0 
7f08e8021000-7f08ec000000 ---p 00000000 00:00 0 
7f08ec000000-7f08ec021000 rw-p 00000000 00:00 0 
7f08ec021000-7f08f0000000 ---p 00000000 00:00 0 
7f08f0000000-7f08f06d7000 rw-p 00000000 00:00 0 
7f08f06d7000-7f08f4000000 ---p 00000000 00:00 0 
7f08f4000000-7f08f42e4000 rw-p 00000000 00:00 0 
7f08f42e4000-7f08f8000000 ---p 00000000 00:00 0 
7f08f8000000-7f08f8021000 rw-p 00000000 00:00 0 
7f08f8021000-7f08fc000000 ---p 00000000 00:00 0 
7f08fc000000-7f08fc021000 rw-p 00000000 00:00 0 
7f08fc021000-7f0900000000 ---p 00000000 00:00 0 
7f0900000000-7f0900021000 rw-p 00000000 00:00 0 
7f0900021000-7f0904000000 ---p 00000000 00:00 0 
7f0904000000-7f0904021000 rw-p 00000000 00:00 0 
7f0904021000-7f0908000000 ---p 00000000 00:00 0 
7f0908000000-7f0908021000 rw-p 00000000 00:00 0 
7f0908021000-7f090c000000 ---p 00000000 00:00 0 
7f090c000000-7f090c021000 rw-p 00000000 00:00 0 
7f090c021000-7f0910000000 ---p 00000000 00:00 0 
7f0910000000-7f0910021000 rw-p 00000000 00:00 0 
7f0910021000-7f0914000000 ---p 00000000 00:00 0 
7f0914000000-7f0914021000 rw-p 00000000 00:00 0 
7f0914021000-7f0918000000 ---p 00000000 00:00 0 
7f0918000000-7f0918001000 rwxp 00000000 00:00 0 
7f0918001000-7f0918003000 r--p 00000000 103:05 1187624                   /usr/lib/x86_64-linux-gnu/libXi.so.6.1.0
7f0918003000-7f091800e000 r-xp 00002000 103:05 1187624                   /usr/lib/x86_64-linux-gnu/libXi.so.6.1.0
7f091800e000-7f0918011000 r--p 0000d000 103:05 1187624                   /usr/lib/x86_64-linux-gnu/libXi.so.6.1.0
7f0918011000-7f0918012000 r--p 0000f000 103:05 1187624                   /usr/lib/x86_64-linux-gnu/libXi.so.6.1.0
7f0918012000-7f0918013000 rw-p 00010000 103:05 1187624                   /usr/lib/x86_64-linux-gnu/libXi.so.6.1.0
7f0918013000-7f0918017000 r--p 00000000 103:05 1187770                   /usr/lib/x86_64-linux-gnu/libbsd.so.0.10.0
7f0918017000-7f0918026000 r-xp 00004000 103:05 1187770                   /usr/lib/x86_64-linux-gnu/libbsd.so.0.10.0
7f0918026000-7f0918029000 r--p 00013000 103:05 1187770                   /usr/lib/x86_64-linux-gnu/libbsd.so.0.10.0
7f0918029000-7f091802a000 ---p 00016000 103:05 1187770                   /usr/lib/x86_64-linux-gnu/libbsd.so.0.10.0
7f091802a000-7f091802b000 r--p 00016000 103:05 1187770                   /usr/lib/x86_64-linux-gnu/libbsd.so.0.10.0
7f091802b000-7f091802c000 rw-p 00017000 103:05 1187770                   /usr/lib/x86_64-linux-gnu/libbsd.so.0.10.0
7f091802c000-7f091802d000 rw-p 00000000 00:00 0 
7f091802d000-7f0918038000 r--p 00000000 103:05 1189076                   /usr/lib/x86_64-linux-gnu/libxcb.so.1.1.0
7f0918038000-7f091804c000 r-xp 0000b000 103:05 1189076                   /usr/lib/x86_64-linux-gnu/libxcb.so.1.1.0
7f091804c000-7f0918055000 r--p 0001f000 103:05 1189076                   /usr/lib/x86_64-linux-gnu/libxcb.so.1.1.0
7f0918055000-7f0918056000 r--p 00027000 103:05 1189076                   /usr/lib/x86_64-linux-gnu/libxcb.so.1.1.0
7f0918056000-7f0918057000 rw-p 00028000 103:05 1189076                   /usr/lib/x86_64-linux-gnu/libxcb.so.1.1.0
7f0918057000-7f0918080000 r--p 00000000 103:05 1048699                   /tmp/lwjgl_cillian/3.3.3+5/x64/liblwjgl.so
7f0918080000-7f09180b2000 r-xp 00029000 103:05 1048699                   /tmp/lwjgl_cillian/3.3.3+5/x64/liblwjgl.so
7f09180b2000-7f09180cb000 r--p 0005b000 103:05 1048699                   /tmp/lwjgl_cillian/3.3.3+5/x64/liblwjgl.so
7f09180cb000-7f09180cc000 r--p 00073000 103:05 1048699                   /tmp/lwjgl_cillian/3.3.3+5/x64/liblwjgl.so
7f09180cc000-7f09180cd000 rw-p 00074000 103:05 1048699                   /tmp/lwjgl_cillian/3.3.3+5/x64/liblwjgl.so
7f09180cd000-7f09180fe000 rw-p 00000000 00:00 0 
7f09180fe000-7f09180ff000 ---p 00000000 00:00 0 
7f09180ff000-7f09181ff000 rw-p 00000000 00:00 0 
7f09181ff000-7f0918203000 ---p 00000000 00:00 0 
7f0918203000-7f0918300000 rw-p 00000000 00:00 0 
7f0918300000-7f0918304000 ---p 00000000 00:00 0 
7f0918304000-7f0918401000 rw-p 00000000 00:00 0 
7f0918401000-7f0918405000 ---p 00000000 00:00 0 
7f0918405000-7f0918502000 rw-p 00000000 00:00 0 
7f0918502000-7f0918506000 ---p 00000000 00:00 0 
7f0918506000-7f0918603000 rw-p 00000000 00:00 0 
7f0918603000-7f0918607000 ---p 00000000 00:00 0 
7f0918607000-7f0918704000 rw-p 00000000 00:00 0 
7f0918704000-7f0918c74000 r--p 00000000 103:05 1180113                   /usr/lib/locale/locale-archive
7f0918c74000-7f0918c78000 ---p 00000000 00:00 0 
7f0918c78000-7f0918d75000 rw-p 00000000 00:00 0 
7f0918d75000-7f0918d79000 ---p 00000000 00:00 0 
7f0918d79000-7f0918e76000 rw-p 00000000 00:00 0 
7f0918e76000-7f0918e77000 ---p 00000000 00:00 0 
7f0918e77000-7f09197f8000 rw-p 00000000 00:00 0 
7f09197f8000-7f09197f9000 ---p 00000000 00:00 0 
7f09197f9000-7f09198f9000 rw-p 00000000 00:00 0 
7f09198f9000-7f09198fa000 ---p 00000000 00:00 0 
7f09198fa000-7f091c000000 rw-p 00000000 00:00 0 
7f091c000000-7f091c021000 rw-p 00000000 00:00 0 
7f091c021000-7f0920000000 ---p 00000000 00:00 0 
7f0920000000-7f0920002000 r--p 00000000 103:05 1189042                   /usr/lib/x86_64-linux-gnu/libxcb-dri3.so.0.0.0
7f0920002000-7f0920003000 r-xp 00002000 103:05 1189042                   /usr/lib/x86_64-linux-gnu/libxcb-dri3.so.0.0.0
7f0920003000-7f0920004000 r--p 00003000 103:05 1189042                   /usr/lib/x86_64-linux-gnu/libxcb-dri3.so.0.0.0
7f0920004000-7f0920005000 r--p 00003000 103:05 1189042                   /usr/lib/x86_64-linux-gnu/libxcb-dri3.so.0.0.0
7f0920005000-7f0920006000 rw-p 00004000 103:05 1189042                   /usr/lib/x86_64-linux-gnu/libxcb-dri3.so.0.0.0
7f0920006000-7f0920007000 r--p 00000000 103:05 1189064                   /usr/lib/x86_64-linux-gnu/libxcb-shm.so.0.0.0
7f0920007000-7f0920008000 r-xp 00001000 103:05 1189064                   /usr/lib/x86_64-linux-gnu/libxcb-shm.so.0.0.0
7f0920008000-7f0920009000 r--p 00002000 103:05 1189064                   /usr/lib/x86_64-linux-gnu/libxcb-shm.so.0.0.0
7f0920009000-7f092000a000 r--p 00002000 103:05 1189064                   /usr/lib/x86_64-linux-gnu/libxcb-shm.so.0.0.0
7f092000a000-7f092000b000 rw-p 00003000 103:05 1189064                   /usr/lib/x86_64-linux-gnu/libxcb-shm.so.0.0.0
7f092000b000-7f092000d000 r--p 00000000 103:05 1189040                   /usr/lib/x86_64-linux-gnu/libxcb-dri2.so.0.0.0
7f092000d000-7f092000f000 r-xp 00002000 103:05 1189040                   /usr/lib/x86_64-linux-gnu/libxcb-dri2.so.0.0.0
7f092000f000-7f0920010000 r--p 00004000 103:05 1189040                   /usr/lib/x86_64-linux-gnu/libxcb-dri2.so.0.0.0
7f0920010000-7f0920011000 r--p 00004000 103:05 1189040                   /usr/lib/x86_64-linux-gnu/libxcb-dri2.so.0.0.0
7f0920011000-7f0920012000 rw-p 00005000 103:05 1189040                   /usr/lib/x86_64-linux-gnu/libxcb-dri2.so.0.0.0
7f0920012000-7f0920019000 r--s 00000000 103:05 1713419                   /usr/lib/x86_64-linux-gnu/gconv/gconv-modules.cache
7f0920019000-7f092001d000 r--p 00000000 103:05 1195311                   /usr/lib/jvm/java-11-openjdk-amd64/lib/libnet.so
7f092001d000-7f092002b000 r-xp 00004000 103:05 1195311                   /usr/lib/jvm/java-11-openjdk-amd64/lib/libnet.so
7f092002b000-7f092002f000 r--p 00012000 103:05 1195311                   /usr/lib/jvm/java-11-openjdk-amd64/lib/libnet.so
7f092002f000-7f0920030000 r--p 00015000 103:05 1195311                   /usr/lib/jvm/java-11-openjdk-amd64/lib/libnet.so
7f0920030000-7f0920031000 rw-p 00016000 103:05 1195311                   /usr/lib/jvm/java-11-openjdk-amd64/lib/libnet.so
7f0920031000-7f092028e000 rw-p 00000000 00:00 0 
7f092028e000-7f092028f000 ---p 00000000 00:00 0 
7f092028f000-7f092038f000 rw-p 00000000 00:00 0 
7f092038f000-7f0920390000 ---p 00000000 00:00 0 
7f0920390000-7f0920870000 rw-p 00000000 00:00 0 
7f0920870000-7f0923240000 ---p 00000000 00:00 0 
7f0923240000-7f0923248000 rw-p 00000000 00:00 0 
7f0923248000-7f0924248000 ---p 00000000 00:00 0 
7f0924248000-7f0924628000 rw-p 00000000 00:00 0 
7f0924628000-7f0926ff8000 ---p 00000000 00:00 0 
7f0926ff8000-7f0927000000 rw-p 00000000 00:00 0 
7f0927000000-7f0928000000 ---p 00000000 00:00 0 
7f0928000000-7f0928021000 rw-p 00000000 00:00 0 
7f0928021000-7f092c000000 ---p 00000000 00:00 0 
7f092c000000-7f092c001000 rw-s 1158e6000 00:0e 13531                     anon_inode:i915.gem
7f092c001000-7f092c002000 r--p 00000000 103:05 1187652                   /usr/lib/x86_64-linux-gnu/libXxf86vm.so.1.0.0
7f092c002000-7f092c005000 r-xp 00001000 103:05 1187652                   /usr/lib/x86_64-linux-gnu/libXxf86vm.so.1.0.0
7f092c005000-7f092c006000 r--p 00004000 103:05 1187652                   /usr/lib/x86_64-linux-gnu/libXxf86vm.so.1.0.0
7f092c006000-7f092c007000 r--p 00004000 103:05 1187652                   /usr/lib/x86_64-linux-gnu/libXxf86vm.so.1.0.0
7f092c007000-7f092c008000 rw-p 00005000 103:05 1187652                   /usr/lib/x86_64-linux-gnu/libXxf86vm.so.1.0.0
7f092c008000-7f092c084000 rw-p 00000000 00:00 0 
7f092c084000-7f092c5be000 ---p 00000000 00:00 0 
7f092c5be000-7f092c5bf000 rw-p 00000000 00:00 0 
7f092c5bf000-7f092c7bf000 ---p 00000000 00:00 0 
7f092c7bf000-7f092ca2f000 rwxp 00000000 00:00 0 
7f092ca2f000-7f092cd50000 ---p 00000000 00:00 0 
7f092cd50000-7f092cfc0000 rwxp 00000000 00:00 0 
7f092cfc0000-7f0934287000 ---p 00000000 00:00 0 
7f0934287000-7f09344f7000 rwxp 00000000 00:00 0 
7f09344f7000-7f093b7bf000 ---p 00000000 00:00 0 
7f093b7bf000-7f0944000000 r--s 00000000 103:05 1195321                   /usr/lib/jvm/java-11-openjdk-amd64/lib/modules
7f0944000000-7f0944e26000 rw-p 00000000 00:00 0 
7f0944e26000-7f0948000000 ---p 00000000 00:00 0 
7f0948000000-7f0948001000 rw-s 106745000 00:0e 13531                     anon_inode:i915.gem
7f0948001000-7f0948002000 r--p 00000000 103:05 1187626                   /usr/lib/x86_64-linux-gnu/libXinerama.so.1.0.0
7f0948002000-7f0948003000 r-xp 00001000 103:05 1187626                   /usr/lib/x86_64-linux-gnu/libXinerama.so.1.0.0
7f0948003000-7f0948004000 r--p 00002000 103:05 1187626                   /usr/lib/x86_64-linux-gnu/libXinerama.so.1.0.0
7f0948004000-7f0948005000 r--p 00002000 103:05 1187626                   /usr/lib/x86_64-linux-gnu/libXinerama.so.1.0.0
7f0948005000-7f0948006000 rw-p 00003000 103:05 1187626                   /usr/lib/x86_64-linux-gnu/libXinerama.so.1.0.0
7f0948006000-7f0948008000 r--p 00000000 103:05 1187614                   /usr/lib/x86_64-linux-gnu/libXdmcp.so.6.0.0
7f0948008000-7f094800a000 r-xp 00002000 103:05 1187614                   /usr/lib/x86_64-linux-gnu/libXdmcp.so.6.0.0
7f094800a000-7f094800c000 r--p 00004000 103:05 1187614                   /usr/lib/x86_64-linux-gnu/libXdmcp.so.6.0.0
7f094800c000-7f094800d000 r--p 00005000 103:05 1187614                   /usr/lib/x86_64-linux-gnu/libXdmcp.so.6.0.0
7f094800d000-7f094800e000 rw-p 00006000 103:05 1187614                   /usr/lib/x86_64-linux-gnu/libXdmcp.so.6.0.0
7f094800e000-7f094800f000 r--p 00000000 103:05 1187603                   /usr/lib/x86_64-linux-gnu/libXau.so.6.0.0
7f094800f000-7f0948011000 r-xp 00001000 103:05 1187603                   /usr/lib/x86_64-linux-gnu/libXau.so.6.0.0
7f0948011000-7f0948012000 r--p 00003000 103:05 1187603                   /usr/lib/x86_64-linux-gnu/libXau.so.6.0.0
7f0948012000-7f0948013000 r--p 00003000 103:05 1187603                   /usr/lib/x86_64-linux-gnu/libXau.so.6.0.0
7f0948013000-7f0948014000 rw-p 00004000 103:05 1187603                   /usr/lib/x86_64-linux-gnu/libXau.so.6.0.0
7f0948014000-7f094801b000 r--p 00000000 103:05 1195312                   /usr/lib/jvm/java-11-openjdk-amd64/lib/libnio.so
7f094801b000-7f0948023000 r-xp 00007000 103:05 1195312                   /usr/lib/jvm/java-11-openjdk-amd64/lib/libnio.so
7f0948023000-7f0948026000 r--p 0000f000 103:05 1195312                   /usr/lib/jvm/java-11-openjdk-amd64/lib/libnio.so
7f0948026000-7f0948027000 r--p 00011000 103:05 1195312                   /usr/lib/jvm/java-11-openjdk-amd64/lib/libnio.so
7f0948027000-7f0948028000 rw-p 00012000 103:05 1195312                   /usr/lib/jvm/java-11-openjdk-amd64/lib/libnio.so
7f0948028000-7f094820d000 rw-p 00000000 00:00 0 
7f094820d000-7f0948747000 ---p 00000000 00:00 0 
7f0948747000-7f0948748000 rw-p 00000000 00:00 0 
7f0948748000-7f0948948000 ---p 00000000 00:00 0 
7f0948948000-7f09489c4000 rw-p 00000000 00:00 0 
7f09489c4000-7f0948efe000 ---p 00000000 00:00 0 
7f0948efe000-7f0948eff000 rw-p 00000000 00:00 0 
7f0948eff000-7f09490ff000 ---p 00000000 00:00 0 
7f09490ff000-7f0949907000 rw-p 00000000 00:00 0 
7f0949907000-7f0949908000 ---p 00000000 00:00 0 
7f0949908000-7f0949a0d000 rw-p 00000000 00:00 0 
7f0949a0d000-7f0949af3000 ---p 00000000 00:00 0 
7f0949af3000-7f0949af8000 rw-p 00000000 00:00 0 
7f0949af8000-7f0949bde000 ---p 00000000 00:00 0 
7f0949bde000-7f0949be3000 rw-p 00000000 00:00 0 
7f0949be3000-7f0949bea000 ---p 00000000 00:00 0 
7f0949bea000-7f0949bed000 r--p 00000000 103:05 1181826                   /usr/lib/x86_64-linux-gnu/libnss_files-2.31.so
7f0949bed000-7f0949bf4000 r-xp 00003000 103:05 1181826                   /usr/lib/x86_64-linux-gnu/libnss_files-2.31.so
7f0949bf4000-7f0949bf6000 r--p 0000a000 103:05 1181826                   /usr/lib/x86_64-linux-gnu/libnss_files-2.31.so
7f0949bf6000-7f0949bf7000 r--p 0000b000 103:05 1181826                   /usr/lib/x86_64-linux-gnu/libnss_files-2.31.so
7f0949bf7000-7f0949bf8000 rw-p 0000c000 103:05 1181826                   /usr/lib/x86_64-linux-gnu/libnss_files-2.31.so
7f0949bf8000-7f0949bfe000 rw-p 00000000 00:00 0 
7f0949bfe000-7f0949bff000 r-xp 00059000 103:05 1048699                   /tmp/lwjgl_cillian/3.3.3+5/x64/liblwjgl.so
7f0949bff000-7f0949c00000 rw-p 00000000 00:00 0 
7f0949c00000-7f0949c02000 r--p 00000000 103:05 1195320                   /usr/lib/jvm/java-11-openjdk-amd64/lib/libzip.so
7f0949c02000-7f0949c07000 r-xp 00002000 103:05 1195320                   /usr/lib/jvm/java-11-openjdk-amd64/lib/libzip.so
7f0949c07000-7f0949c09000 r--p 00007000 103:05 1195320                   /usr/lib/jvm/java-11-openjdk-amd64/lib/libzip.so
7f0949c09000-7f0949c0a000 r--p 00008000 103:05 1195320                   /usr/lib/jvm/java-11-openjdk-amd64/lib/libzip.so
7f0949c0a000-7f0949c0b000 rw-p 00009000 103:05 1195320                   /usr/lib/jvm/java-11-openjdk-amd64/lib/libzip.so
7f0949c0b000-7f0949c13000 rw-s 00000000 103:05 1048752                   /tmp/hsperfdata_cillian/134901
7f0949c13000-7f0949c15000 r--p 00000000 103:05 1195303                   /usr/lib/jvm/java-11-openjdk-amd64/lib/libjimage.so
7f0949c15000-7f0949c18000 r-xp 00002000 103:05 1195303                   /usr/lib/jvm/java-11-openjdk-amd64/lib/libjimage.so
7f0949c18000-7f0949c19000 r--p 00005000 103:05 1195303                   /usr/lib/jvm/java-11-openjdk-amd64/lib/libjimage.so
7f0949c19000-7f0949c1a000 ---p 00006000 103:05 1195303                   /usr/lib/jvm/java-11-openjdk-amd64/lib/libjimage.so
7f0949c1a000-7f0949c1b000 r--p 00006000 103:05 1195303                   /usr/lib/jvm/java-11-openjdk-amd64/lib/libjimage.so
7f0949c1b000-7f0949c1c000 rw-p 00007000 103:05 1195303                   /usr/lib/jvm/java-11-openjdk-amd64/lib/libjimage.so
7f0949c1c000-7f0949c2a000 r--p 00000000 103:05 1195300                   /usr/lib/jvm/java-11-openjdk-amd64/lib/libjava.so
7f0949c2a000-7f0949c40000 r-xp 0000e000 103:05 1195300                   /usr/lib/jvm/java-11-openjdk-amd64/lib/libjava.so
7f0949c40000-7f0949c47000 r--p 00024000 103:05 1195300                   /usr/lib/jvm/java-11-openjdk-amd64/lib/libjava.so
7f0949c47000-7f0949c48000 r--p 0002a000 103:05 1195300                   /usr/lib/jvm/java-11-openjdk-amd64/lib/libjava.so
7f0949c48000-7f0949c49000 rw-p 0002b000 103:05 1195300                   /usr/lib/jvm/java-11-openjdk-amd64/lib/libjava.so
7f0949c49000-7f0949c4a000 rw-p 00000000 00:00 0 
7f0949c4a000-7f0949c4c000 r--p 00000000 103:05 1181833                   /usr/lib/x86_64-linux-gnu/librt-2.31.so
7f0949c4c000-7f0949c50000 r-xp 00002000 103:05 1181833                   /usr/lib/x86_64-linux-gnu/librt-2.31.so
7f0949c50000-7f0949c52000 r--p 00006000 103:05 1181833                   /usr/lib/x86_64-linux-gnu/librt-2.31.so
7f0949c52000-7f0949c53000 r--p 00007000 103:05 1181833                   /usr/lib/x86_64-linux-gnu/librt-2.31.so
7f0949c53000-7f0949c54000 rw-p 00008000 103:05 1181833                   /usr/lib/x86_64-linux-gnu/librt-2.31.so
7f0949c54000-7f0949c58000 ---p 00000000 00:00 0 
7f0949c58000-7f0949d55000 rw-p 00000000 00:00 0 
7f0949d55000-7f0949d58000 r--p 00000000 103:05 1180119                   /usr/lib/x86_64-linux-gnu/libgcc_s.so.1
7f0949d58000-7f0949d6a000 r-xp 00003000 103:05 1180119                   /usr/lib/x86_64-linux-gnu/libgcc_s.so.1
7f0949d6a000-7f0949d6e000 r--p 00015000 103:05 1180119                   /usr/lib/x86_64-linux-gnu/libgcc_s.so.1
7f0949d6e000-7f0949d6f000 r--p 00018000 103:05 1180119                   /usr/lib/x86_64-linux-gnu/libgcc_s.so.1
7f0949d6f000-7f0949d70000 rw-p 00019000 103:05 1180119                   /usr/lib/x86_64-linux-gnu/libgcc_s.so.1
7f0949d70000-7f0949d7d000 r--p 00000000 103:05 1180129                   /usr/lib/x86_64-linux-gnu/libm-2.31.so
7f0949d7d000-7f0949e24000 r-xp 0000d000 103:05 1180129                   /usr/lib/x86_64-linux-gnu/libm-2.31.so
7f0949e24000-7f0949ebd000 r--p 000b4000 103:05 1180129                   /usr/lib/x86_64-linux-gnu/libm-2.31.so
7f0949ebd000-7f0949ebe000 r--p 0014c000 103:05 1180129                   /usr/lib/x86_64-linux-gnu/libm-2.31.so
7f0949ebe000-7f0949ebf000 rw-p 0014d000 103:05 1180129                   /usr/lib/x86_64-linux-gnu/libm-2.31.so
7f0949ebf000-7f0949f55000 r--p 00000000 103:05 1180120                   /usr/lib/x86_64-linux-gnu/libstdc++.so.6.0.28
7f0949f55000-7f094a046000 r-xp 00096000 103:05 1180120                   /usr/lib/x86_64-linux-gnu/libstdc++.so.6.0.28
7f094a046000-7f094a08f000 r--p 00187000 103:05 1180120                   /usr/lib/x86_64-linux-gnu/libstdc++.so.6.0.28
7f094a08f000-7f094a090000 ---p 001d0000 103:05 1180120                   /usr/lib/x86_64-linux-gnu/libstdc++.so.6.0.28
7f094a090000-7f094a09b000 r--p 001d0000 103:05 1180120                   /usr/lib/x86_64-linux-gnu/libstdc++.so.6.0.28
7f094a09b000-7f094a09e000 rw-p 001db000 103:05 1180120                   /usr/lib/x86_64-linux-gnu/libstdc++.so.6.0.28
7f094a09e000-7f094a0a1000 rw-p 00000000 00:00 0 
7f094a0a1000-7f094a324000 r--p 00000000 103:05 1195326                   /usr/lib/jvm/java-11-openjdk-amd64/lib/server/libjvm.so
7f094a324000-7f094afb6000 r-xp 00283000 103:05 1195326                   /usr/lib/jvm/java-11-openjdk-amd64/lib/server/libjvm.so
7f094afb6000-7f094b218000 r--p 00f15000 103:05 1195326                   /usr/lib/jvm/java-11-openjdk-amd64/lib/server/libjvm.so
7f094b218000-7f094b2dc000 r--p 01176000 103:05 1195326                   /usr/lib/jvm/java-11-openjdk-amd64/lib/server/libjvm.so
7f094b2dc000-7f094b317000 rw-p 0123a000 103:05 1195326                   /usr/lib/jvm/java-11-openjdk-amd64/lib/server/libjvm.so
7f094b317000-7f094b370000 rw-p 00000000 00:00 0 
7f094b370000-7f094b392000 r--p 00000000 103:05 1180126                   /usr/lib/x86_64-linux-gnu/libc-2.31.so
7f094b392000-7f094b50a000 r-xp 00022000 103:05 1180126                   /usr/lib/x86_64-linux-gnu/libc-2.31.so
7f094b50a000-7f094b558000 r--p 0019a000 103:05 1180126                   /usr/lib/x86_64-linux-gnu/libc-2.31.so
7f094b558000-7f094b55c000 r--p 001e7000 103:05 1180126                   /usr/lib/x86_64-linux-gnu/libc-2.31.so
7f094b55c000-7f094b55e000 rw-p 001eb000 103:05 1180126                   /usr/lib/x86_64-linux-gnu/libc-2.31.so
7f094b55e000-7f094b562000 rw-p 00000000 00:00 0 
7f094b562000-7f094b563000 r--p 00000000 103:05 1180128                   /usr/lib/x86_64-linux-gnu/libdl-2.31.so
7f094b563000-7f094b565000 r-xp 00001000 103:05 1180128                   /usr/lib/x86_64-linux-gnu/libdl-2.31.so
7f094b565000-7f094b566000 r--p 00003000 103:05 1180128                   /usr/lib/x86_64-linux-gnu/libdl-2.31.so
7f094b566000-7f094b567000 r--p 00003000 103:05 1180128                   /usr/lib/x86_64-linux-gnu/libdl-2.31.so
7f094b567000-7f094b568000 rw-p 00004000 103:05 1180128                   /usr/lib/x86_64-linux-gnu/libdl-2.31.so
7f094b568000-7f094b56b000 r--p 00000000 103:05 1195285                   /usr/lib/jvm/java-11-openjdk-amd64/lib/jli/libjli.so
7f094b56b000-7f094b575000 r-xp 00003000 103:05 1195285                   /usr/lib/jvm/java-11-openjdk-amd64/lib/jli/libjli.so
7f094b575000-7f094b578000 r--p 0000d000 103:05 1195285                   /usr/lib/jvm/java-11-openjdk-amd64/lib/jli/libjli.so
7f094b578000-7f094b579000 ---p 00010000 103:05 1195285                   /usr/lib/jvm/java-11-openjdk-amd64/lib/jli/libjli.so
7f094b579000-7f094b57a000 r--p 00010000 103:05 1195285                   /usr/lib/jvm/java-11-openjdk-amd64/lib/jli/libjli.so
7f094b57a000-7f094b57b000 rw-p 00011000 103:05 1195285                   /usr/lib/jvm/java-11-openjdk-amd64/lib/jli/libjli.so
7f094b57b000-7f094b581000 r--p 00000000 103:05 1181831                   /usr/lib/x86_64-linux-gnu/libpthread-2.31.so
7f094b581000-7f094b592000 r-xp 00006000 103:05 1181831                   /usr/lib/x86_64-linux-gnu/libpthread-2.31.so
7f094b592000-7f094b598000 r--p 00017000 103:05 1181831                   /usr/lib/x86_64-linux-gnu/libpthread-2.31.so
7f094b598000-7f094b599000 r--p 0001c000 103:05 1181831                   /usr/lib/x86_64-linux-gnu/libpthread-2.31.so
7f094b599000-7f094b59a000 rw-p 0001d000 103:05 1181831                   /usr/lib/x86_64-linux-gnu/libpthread-2.31.so
7f094b59a000-7f094b59e000 rw-p 00000000 00:00 0 
7f094b59e000-7f094b5a0000 r--p 00000000 103:05 1179842                   /usr/lib/x86_64-linux-gnu/libz.so.1.2.11
7f094b5a0000-7f094b5b1000 r-xp 00002000 103:05 1179842                   /usr/lib/x86_64-linux-gnu/libz.so.1.2.11
7f094b5b1000-7f094b5b7000 r--p 00013000 103:05 1179842                   /usr/lib/x86_64-linux-gnu/libz.so.1.2.11
7f094b5b7000-7f094b5b8000 ---p 00019000 103:05 1179842                   /usr/lib/x86_64-linux-gnu/libz.so.1.2.11
7f094b5b8000-7f094b5b9000 r--p 00019000 103:05 1179842                   /usr/lib/x86_64-linux-gnu/libz.so.1.2.11
7f094b5b9000-7f094b5ba000 rw-p 0001a000 103:05 1179842                   /usr/lib/x86_64-linux-gnu/libz.so.1.2.11
7f094b5ba000-7f094b5bb000 rw-s 1184da000 00:0e 13531                     anon_inode:i915.gem
7f094b5bb000-7f094b5bc000 ---p 00000000 00:00 0 
7f094b5bc000-7f094b5bd000 r--p 00000000 00:00 0 
7f094b5bd000-7f094b5c2000 r--p 00000000 103:05 1195319                   /usr/lib/jvm/java-11-openjdk-amd64/lib/libverify.so
7f094b5c2000-7f094b5c9000 r-xp 00005000 103:05 1195319                   /usr/lib/jvm/java-11-openjdk-amd64/lib/libverify.so
7f094b5c9000-7f094b5cb000 r--p 0000c000 103:05 1195319                   /usr/lib/jvm/java-11-openjdk-amd64/lib/libverify.so
7f094b5cb000-7f094b5cc000 ---p 0000e000 103:05 1195319                   /usr/lib/jvm/java-11-openjdk-amd64/lib/libverify.so
7f094b5cc000-7f094b5ce000 r--p 0000e000 103:05 1195319                   /usr/lib/jvm/java-11-openjdk-amd64/lib/libverify.so
7f094b5ce000-7f094b5cf000 rw-p 00010000 103:05 1195319                   /usr/lib/jvm/java-11-openjdk-amd64/lib/libverify.so
7f094b5cf000-7f094b5d1000 rw-p 00000000 00:00 0 
7f094b5d1000-7f094b5d2000 r--p 00000000 103:05 1180122                   /usr/lib/x86_64-linux-gnu/ld-2.31.so
7f094b5d2000-7f094b5f5000 r-xp 00001000 103:05 1180122                   /usr/lib/x86_64-linux-gnu/ld-2.31.so
7f094b5f5000-7f094b5fd000 r--p 00024000 103:05 1180122                   /usr/lib/x86_64-linux-gnu/ld-2.31.so
7f094b5fd000-7f094b5fe000 rw-p 00000000 00:00 0 
7f094b5fe000-7f094b5ff000 r--p 0002c000 103:05 1180122                   /usr/lib/x86_64-linux-gnu/ld-2.31.so
7f094b5ff000-7f094b600000 rw-p 0002d000 103:05 1180122                   /usr/lib/x86_64-linux-gnu/ld-2.31.so
7f094b600000-7f094b601000 rw-p 00000000 00:00 0 
7ffc49246000-7ffc49267000 rw-p 00000000 00:00 0                          [stack]
7ffc4931d000-7ffc49321000 r--p 00000000 00:00 0                          [vvar]
7ffc49321000-7ffc49323000 r-xp 00000000 00:00 0                          [vdso]
ffffffffff600000-ffffffffff601000 --xp 00000000 00:00 0                  [vsyscall]


VM Arguments:
java_command: com.yourname.projectname.lwjgl3.Lwjgl3Launcher
java_class_path (initial): /home/cillian/git/myProject/lwjgl3/build/resources/main:/home/cillian/git/myProject/lwjgl3/build/classes/java/main:/home/cillian/.gradle/caches/modules-2/files-2.1/com.badlogicgames.gdx/gdx-bullet/1.14.0/8d2248e9af7b43588c142d47512590de7d377448/gdx-bullet-1.14.0.jar:/home/cillian/.gradle/caches/modules-2/files-2.1/org.lwjgl/lwjgl-jemalloc/3.3.3/109b6931880d02d4e65ced38928a16e41d19873e/lwjgl-jemalloc-3.3.3-natives-linux-arm32.jar:/home/cillian/.gradle/caches/modules-2/files-2.1/org.lwjgl/lwjgl-opengl/3.3.3/d213ddef27637b1af87961ffa94d6b27036becc8/lwjgl-opengl-3.3.3-natives-macos-arm64.jar:/home/cillian/.gradle/caches/modules-2/files-2.1/com.badlogicgames.gdx/gdx/1.14.0/8accfce8d9313d9ddd23a2c9e315179783085ef2/gdx-1.14.0.jar:/home/cillian/.gradle/caches/modules-2/files-2.1/org.lwjgl/lwjgl-opengl/3.3.3/62c70a4b00ca5391882b0f4b787c1588d24f1c86/lwjgl-opengl-3.3.3-natives-linux.jar:/home/cillian/.gradle/caches/modules-2/files-2.1/org.lwjgl/lwjgl-opengl/3.3.3/2096f6b94b2d68745d858fbfe53aacf5f0c8074c/lwjgl-opengl-3.3.3-natives-linux-arm64.jar:/home/cillian/.gradle/caches/modules-2/files-2.1/org.lwjgl/lwjgl-glfw/3.3.3/d9af485c32545b37dd5359b163161d42d7534dcf/lwjgl-glfw-3.3.3-natives-linux-arm32.jar:/home/cillian/.gradle/caches/modules-2/files-2.1/org.lwjgl/lwjgl-jemalloc/3.3.3/426222fc027602a5f21b9c0fe79cde6a4c7a011f/lwjgl-jemalloc-3.3.3-natives-windows.jar:/home/cillian/.gradle/caches/modules-2/files-2.1/org.lwjgl/lwjgl-stb/3.3.3/fd1271ccd9d85eff2fa31f3fd543e02ccfaf5041/lwjgl-stb-3.3.3-natives-linux.jar:/home/cillian/.gradle/caches/modules-2/files-2.1/org.lwjgl/lwjgl/3.3.3/2075c51a80f0ef0f22ba616ba54007ac2b0debd4/lwjgl-3.3.3-natives-linux-arm32.jar:/home/cillian/.gradle/caches/modules-2/files-2.1/org.lwjgl/lwjgl-opengl/3.3.3/dbba17fc5ac0985d14a57c11f9537617d67b9952/lwjgl-opengl-3.3.3-natives-linux-arm32.jar:/home/cillian/.gradle/caches/modules-2/files-2.1/com.badlogicgames.gdx/gdx-platform/1.14.0/d0ecc53f2c20576f1ba4ac9ba157cf48f7bd9821/gdx-plat
Launcher Type: SUN_STANDARD

[Global flags]
     intx CICompilerCount                          = 4                                         {product} {ergonomic}
     uint ConcGCThreads                            = 2                                         {product} {ergonomic}
     uint G1ConcRefinementThreads                  = 8                                         {product} {ergonomic}
   size_t G1HeapRegionSize                         = 1048576                                   {product} {ergonomic}
    uintx GCDrainStackTargetSize                   = 64                                        {product} {ergonomic}
   size_t InitialHeapSize                          = 260046848                                 {product} {ergonomic}
   size_t MarkStackSize                            = 4194304                                   {product} {ergonomic}
   size_t MaxHeapSize                              = 4141875200                                {product} {ergonomic}
   size_t MaxNewSize                               = 2485125120                                {product} {ergonomic}
   size_t MinHeapDeltaBytes                        = 1048576                                   {product} {ergonomic}
    uintx NonNMethodCodeHeapSize                   = 5836300                                {pd product} {ergonomic}
    uintx NonProfiledCodeHeapSize                  = 122910970                              {pd product} {ergonomic}
    uintx ProfiledCodeHeapSize                     = 122910970                              {pd product} {ergonomic}
    uintx ReservedCodeCacheSize                    = 251658240                              {pd product} {ergonomic}
     bool SegmentedCodeCache                       = true                                      {product} {ergonomic}
     bool UseCompressedClassPointers               = true                                 {lp64_product} {ergonomic}
     bool UseCompressedOops                        = true                                 {lp64_product} {ergonomic}
     bool UseG1GC                                  = true                                      {product} {ergonomic}

Logging:
Log output configuration:
 #0: stdout all=warning uptime,level,tags
 #1: stderr all=off uptime,level,tags

Environment Variables:
PATH=/usr/local/sbin:/usr/local/bin:/usr/sbin:/usr/bin:/sbin:/bin:/usr/games:/usr/local/games:/snap/bin:/home/cillian/.vscode/extensions/vscjava.vscode-java-debug-0.58.5/bundled/scripts/noConfigScripts
USERNAME=cillian
SHELL=/bin/bash
DISPLAY=:0
LANG=en_IE.UTF-8
TERM=xterm-256color

Signal Handlers:
SIGSEGV: [libjvm.so+0xea2a70], sa_mask[0]=11111111011111111101111111111110, sa_flags=SA_RESTART|SA_SIGINFO
SIGBUS: [libjvm.so+0xea2a70], sa_mask[0]=11111111011111111101111111111110, sa_flags=SA_RESTART|SA_SIGINFO
SIGFPE: [libjvm.so+0xea2a70], sa_mask[0]=11111111011111111101111111111110, sa_flags=SA_RESTART|SA_SIGINFO
SIGPIPE: [libjvm.so+0xbe9670], sa_mask[0]=11111111011111111101111111111110, sa_flags=SA_RESTART|SA_SIGINFO
SIGXFSZ: [libjvm.so+0xbe9670], sa_mask[0]=11111111011111111101111111111110, sa_flags=SA_RESTART|SA_SIGINFO
SIGILL: [libjvm.so+0xea2a70], sa_mask[0]=11111111011111111101111111111110, sa_flags=SA_RESTART|SA_SIGINFO
SIGUSR2: [libjvm.so+0xbe9510], sa_mask[0]=00000000000000000000000000000000, sa_flags=SA_RESTART|SA_SIGINFO
SIGHUP: [libjvm.so+0xbe9cd0], sa_mask[0]=11111111011111111101111111111110, sa_flags=SA_RESTART|SA_SIGINFO
SIGINT: [libjvm.so+0xbe9cd0], sa_mask[0]=11111111011111111101111111111110, sa_flags=SA_RESTART|SA_SIGINFO
SIGTERM: [libjvm.so+0xbe9cd0], sa_mask[0]=11111111011111111101111111111110, sa_flags=SA_RESTART|SA_SIGINFO
SIGQUIT: [libjvm.so+0xbe9cd0], sa_mask[0]=11111111011111111101111111111110, sa_flags=SA_RESTART|SA_SIGINFO


---------------  S Y S T E M  ---------------

OS:DISTRIB_ID=Ubuntu
DISTRIB_RELEASE=20.04
DISTRIB_CODENAME=focal
DISTRIB_DESCRIPTION="Ubuntu 20.04.6 LTS"
uname:Linux 5.15.0-139-generic #149~20.04.1-Ubuntu SMP Wed Apr 16 08:29:56 UTC 2025 x86_64
OS uptime: 0 days 3:30 hours
libc:glibc 2.31 NPTL 2.31 
rlimit (soft/hard): STACK 8192k/infinity , CORE 0k/infinity , NPROC 62799/62799 , NOFILE 1048576/1048576 , AS infinity/infinity , CPU infinity/infinity , DATA infinity/infinity , FSIZE infinity/infinity , MEMLOCK 65536k/65536k
load average:1.99 1.42 1.44

/proc/meminfo:
MemTotal:       16176108 kB
MemFree:         4578948 kB
MemAvailable:    8127124 kB
Buffers:          172888 kB
Cached:          4197068 kB
SwapCached:            0 kB
Active:          1192004 kB
Inactive:        9274984 kB
Active(anon):       2788 kB
Inactive(anon):  6790436 kB
Active(file):    1189216 kB
Inactive(file):  2484548 kB
Unevictable:      507252 kB
Mlocked:           13352 kB
SwapTotal:       2097148 kB
SwapFree:        2097148 kB
Dirty:               976 kB
Writeback:             0 kB
AnonPages:       6604468 kB
Mapped:          1072192 kB
Shmem:            684560 kB
KReclaimable:     212720 kB
Slab:             398736 kB
SReclaimable:     212720 kB
SUnreclaim:       186016 kB
KernelStack:       22340 kB
PageTables:        63188 kB
NFS_Unstable:          0 kB
Bounce:                0 kB
WritebackTmp:          0 kB
CommitLimit:    10185200 kB
Committed_AS:   28911152 kB
VmallocTotal:   34359738367 kB
VmallocUsed:       63528 kB
VmallocChunk:          0 kB
Percpu:             7456 kB
HardwareCorrupted:     0 kB
AnonHugePages:         0 kB
ShmemHugePages:        0 kB
ShmemPmdMapped:        0 kB
FileHugePages:         0 kB
FilePmdMapped:         0 kB
HugePages_Total:       0
HugePages_Free:        0
HugePages_Rsvd:        0
HugePages_Surp:        0
Hugepagesize:       2048 kB
Hugetlb:               0 kB
DirectMap4k:      443016 kB
DirectMap2M:    14039040 kB
DirectMap1G:     3145728 kB

/sys/kernel/mm/transparent_hugepage/enabled:
always [madvise] never
/sys/kernel/mm/transparent_hugepage/defrag (defrag/compaction efforts parameter):
always defer defer+madvise [madvise] never

Process Memory:
Virtual Size: 8001312K (peak: 15554380K)
Resident Set Size: 156188K (peak: 156188K) (anon: 87032K, file: 69156K, shmem: 0K)
Swapped out: 0K
C-Heap outstanding allocations: 50144K, retained: 7403K
glibc malloc tunables: (default)

/proc/sys/kernel/threads-max (system-wide limit on the number of threads):
125599
/proc/sys/vm/max_map_count (maximum number of memory map areas a process may have):
65530
/proc/sys/kernel/pid_max (system-wide limit on number of process identifiers):
4194304

container (cgroup) information:
container_type: cgroupv1
cpu_cpuset_cpus: 0-7
cpu_memory_nodes: 0
active_processor_count: 8
cpu_quota: no quota
cpu_period: 100000
cpu_shares: no shares
memory_limit_in_bytes: unlimited
memory_and_swap_limit_in_bytes: unlimited
memory_soft_limit_in_bytes: unlimited
memory_usage_in_bytes: 9486264 k
memory_max_usage_in_bytes: 10959580 k
kernel_memory_limit_in_bytes: unlimited
kernel_memory_usage_in_bytes: 248912 k
kernel_memory_max_usage_in_bytes: 259192 k
maximum number of tasks: unlimited
current number of tasks: 1075

Steal ticks since vm start: 0
Steal ticks percentage since vm start:  0.000

CPU:total 8 (initial active 8) (4 cores per cpu, 2 threads per core) family 6 model 142 stepping 12 microcode 0x100, cmov, cx8, fxsr, mmx, sse, sse2, sse3, ssse3, sse4.1, sse4.2, popcnt, avx, avx2, aes, clmul, erms, rtm, 3dnowpref, lzcnt, ht, tsc, tscinvbit, bmi1, bmi2, adx, fma
CPU Model and flags from /proc/cpuinfo:
model name	: Intel(R) Core(TM) i7-8665U CPU @ 1.90GHz
flags		: fpu vme de pse tsc msr pae mce cx8 apic sep mtrr pge mca cmov pat pse36 clflush dts acpi mmx fxsr sse sse2 ss ht tm pbe syscall nx pdpe1gb rdtscp lm constant_tsc art arch_perfmon pebs bts rep_good nopl xtopology nonstop_tsc cpuid aperfmperf pni pclmulqdq dtes64 monitor ds_cpl vmx smx est tm2 ssse3 sdbg fma cx16 xtpr pdcm pcid sse4_1 sse4_2 x2apic movbe popcnt tsc_deadline_timer aes xsave avx f16c rdrand lahf_lm abm 3dnowprefetch cpuid_fault epb invpcid_single ssbd ibrs ibpb stibp ibrs_enhanced tpr_shadow vnmi flexpriority ept vpid ept_ad fsgsbase tsc_adjust bmi1 avx2 smep bmi2 erms invpcid mpx rdseed adx smap clflushopt intel_pt xsaveopt xsavec xgetbv1 xsaves dtherm ida arat pln pts hwp hwp_notify hwp_act_window hwp_epp md_clear flush_l1d arch_capabilities
Online cpus:
0-7
Offline cpus:

BIOS frequency limitation:
<Not Available>
Frequency switch latency (ns):
0
Available cpu frequencies:
<Not Available>
Current governor:
powersave
Core performance/turbo boost:
<Not Available>

Memory: 4k page, physical 16176108k(4578696k free), swap 2097148k(2097148k free)

vm_info: OpenJDK 64-Bit Server VM (11.0.27+6-post-Ubuntu-0ubuntu120.04) for linux-amd64 JRE (11.0.27+6-post-Ubuntu-0ubuntu120.04), built on Apr 21 2025 05:55:25 by "unknown" with gcc 10.5.0

END.
