#
# A fatal error has been detected by the Java Runtime Environment:
#
#  SIGSEGV (0xb) at pc=0x00007fe072a22e8e, pid=135191, tid=135193
#
# JRE version: OpenJDK Runtime Environment (11.0.27+6) (build 11.0.27+6-post-Ubuntu-0ubuntu120.04)
# Java VM: OpenJDK 64-Bit Server VM (11.0.27+6-post-Ubuntu-0ubuntu120.04, mixed mode, sharing, tiered, compressed oops, g1 gc, linux-amd64)
# Problematic frame:
# C  [libgdx-bullet64.so+0x38fe8e]  Java_com_badlogic_gdx_physics_bullet_collision_CollisionJNI_new_1CollisionObjectWrapper_1_1SWIG_111+0xe
#
# Core dump will be written. Default location: Core dumps may be processed with "/usr/share/apport/apport -p%p -s%s -c%c -d%d -P%P -u%u -g%g -F%F -- %E" (or dumping to /home/cillian/git/myProject/core.135191)
#
# If you would like to submit a bug report, please visit:
#   https://bugs.launchpad.net/ubuntu/+source/openjdk-lts
# The crash happened outside the Java Virtual Machine in native code.
# See problematic frame for where to report the bug.
#

---------------  S U M M A R Y ------------

Command Line: com.yourname.projectname.lwjgl3.Lwjgl3Launcher

Host: Intel(R) Core(TM) i7-8665U CPU @ 1.90GHz, 8 cores, 15G, Ubuntu 20.04.6 LTS
Time: Mon Mar  9 18:04:14 2026 GMT elapsed time: 1.211434 seconds (0d 0h 0m 1s)

---------------  T H R E A D  ---------------

Current thread (0x00007fe0dc019000):  JavaThread "main" [_thread_in_native, id=135193, stack(0x00007fe0e259b000,0x00007fe0e269c000)]

Stack: [0x00007fe0e259b000,0x00007fe0e269c000],  sp=0x00007fe0e269a560,  free space=1021k
Native frames: (J=compiled Java code, A=aot compiled Java code, j=interpreted, Vv=VM code, C=native code)
C  [libgdx-bullet64.so+0x38fe8e]  Java_com_badlogic_gdx_physics_bullet_collision_CollisionJNI_new_1CollisionObjectWrapper_1_1SWIG_111+0xe
j  com.badlogic.gdx.physics.bullet.collision.CollisionObjectWrapper.<init>(Lcom/badlogic/gdx/physics/bullet/collision/btCollisionObject;)V+6
j  com.yourname.projectname.Main.checkCollision(Lcom/badlogic/gdx/physics/bullet/collision/btCollisionObject;Lcom/badlogic/gdx/physics/bullet/collision/btCollisionObject;)Z+14
j  com.yourname.projectname.Main.render()V+90
j  com.badlogic.gdx.backends.lwjgl3.Lwjgl3Window.update()Z+282
j  com.badlogic.gdx.backends.lwjgl3.Lwjgl3Application.loop()V+120
j  com.badlogic.gdx.backends.lwjgl3.Lwjgl3Application.<init>(Lcom/badlogic/gdx/ApplicationListener;Lcom/badlogic/gdx/backends/lwjgl3/Lwjgl3ApplicationConfiguration;)V+269
j  com.yourname.projectname.lwjgl3.Lwjgl3Launcher.createApplication()Lcom/badlogic/gdx/backends/lwjgl3/Lwjgl3Application;+14
j  com.yourname.projectname.lwjgl3.Lwjgl3Launcher.main([Ljava/lang/String;)V+7
v  ~StubRoutines::call_stub
V  [libjvm.so+0x871733]  JavaCalls::call_helper(JavaValue*, methodHandle const&, JavaCallArguments*, Thread*)+0x373
V  [libjvm.so+0x8f30d0]  jni_invoke_static(JNIEnv_*, JavaValue*, _jobject*, JNICallType, _jmethodID*, JNI_ArgumentPusher*, Thread*) [clone .constprop.1]+0x280
V  [libjvm.so+0x8f5c08]  jni_CallStaticVoidMethod+0x168
C  [libjli.so+0x5a63]  JavaMain+0xd33
C  [libjli.so+0x9b8d]  ThreadJavaMain+0xd

Java frames: (J=compiled Java code, j=interpreted, Vv=VM code)
j  com.badlogic.gdx.physics.bullet.collision.CollisionJNI.new_CollisionObjectWrapper__SWIG_11(JLcom/badlogic/gdx/physics/bullet/collision/btCollisionObject;)J+0
j  com.badlogic.gdx.physics.bullet.collision.CollisionObjectWrapper.<init>(Lcom/badlogic/gdx/physics/bullet/collision/btCollisionObject;)V+6
j  com.yourname.projectname.Main.checkCollision(Lcom/badlogic/gdx/physics/bullet/collision/btCollisionObject;Lcom/badlogic/gdx/physics/bullet/collision/btCollisionObject;)Z+14
j  com.yourname.projectname.Main.render()V+90
j  com.badlogic.gdx.backends.lwjgl3.Lwjgl3Window.update()Z+282
j  com.badlogic.gdx.backends.lwjgl3.Lwjgl3Application.loop()V+120
j  com.badlogic.gdx.backends.lwjgl3.Lwjgl3Application.<init>(Lcom/badlogic/gdx/ApplicationListener;Lcom/badlogic/gdx/backends/lwjgl3/Lwjgl3ApplicationConfiguration;)V+269
j  com.yourname.projectname.lwjgl3.Lwjgl3Launcher.createApplication()Lcom/badlogic/gdx/backends/lwjgl3/Lwjgl3Application;+14
j  com.yourname.projectname.lwjgl3.Lwjgl3Launcher.main([Ljava/lang/String;)V+7
v  ~StubRoutines::call_stub

siginfo: si_signo: 11 (SIGSEGV), si_code: 1 (SEGV_MAPERR), si_addr: 0x00000000000000c8

Register to memory mapping:

RAX=0x00007fe0dcd1f790 points into unknown readable memory: 0x00007fe0dcd20200 | 00 02 d2 dc e0 7f 00 00
RBX=0x0 is NULL
RCX=0x00007fe0dc0008d2 points into unknown readable memory: 01 00 01 00 00 00
RDX=0x0000000000000001 is an unknown value
RSP=0x00007fe0e269a560 is pointing into the stack for thread: 0x00007fe0dc019000
RBP=0x00007fe0e269a5d0 is pointing into the stack for thread: 0x00007fe0dc019000
RSI=0x00007fe0dcd20200 points into unknown readable memory: 0x0000000000000000 | 00 00 00 00 00 00 00 00
RDI=0x0000000000000028 is an unknown value
R8 =0x00007fe0dcd1f790 points into unknown readable memory: 0x00007fe0dcd20200 | 00 02 d2 dc e0 7f 00 00
R9 =0x0000000000000002 is an unknown value
R10=0x00007fe0c47cea01 is at code_begin+897 in an Interpreter codelet
method entry point (kind = native)  [0x00007fe0c47ce680, 0x00007fe0c47cf000]  2432 bytes
R11=0x0000000718964690 points into unknown readable memory: 0x0000007e0e6aa201 | 01 a2 6a 0e 7e 00 00 00
R12=0x0 is NULL
R13={method} {0x00007fe0b1fd7238} 'new_CollisionObjectWrapper__SWIG_11' '(JLcom/badlogic/gdx/physics/bullet/collision/btCollisionObject;)J' in 'com/badlogic/gdx/physics/bullet/collision/CollisionJNI'
R14=0x00007fe0e269a600 is pointing into the stack for thread: 0x00007fe0dc019000
R15=0x00007fe0dc019000 is a thread


Registers:
RAX=0x00007fe0dcd1f790, RBX=0x0000000000000000, RCX=0x00007fe0dc0008d2, RDX=0x0000000000000001
RSP=0x00007fe0e269a560, RBP=0x00007fe0e269a5d0, RSI=0x00007fe0dcd20200, RDI=0x0000000000000028
R8 =0x00007fe0dcd1f790, R9 =0x0000000000000002, R10=0x00007fe0c47cea01, R11=0x0000000718964690
R12=0x0000000000000000, R13=0x00007fe0b1fd7238, R14=0x00007fe0e269a600, R15=0x00007fe0dc019000
RIP=0x00007fe072a22e8e, EFLAGS=0x0000000000010206, CSGSFS=0x002b000000000033, ERR=0x0000000000000004
  TRAPNO=0x000000000000000e

Top of Stack: (sp=0x00007fe0e269a560)
0x00007fe0e269a560:   00007fe0b1fd7238 00007fe0c47cea30
0x00007fe0e269a570:   0000000000000000 00007fe0e269a590
0x00007fe0e269a580:   00007fe0e269a5e0 00007fe0e269a588
0x00007fe0e269a590:   0000000000000000 00007fe0e269a600 

Instructions: (pc=0x00007fe072a22e8e)
0x00007fe072a22d8e:   48 83 c4 08 5b 5d c3 90 66 2e 0f 1f 84 00 00 00
0x00007fe072a22d9e:   00 00 55 53 bf 28 00 00 00 4c 89 c3 48 89 d5 48
0x00007fe072a22dae:   83 ec 08 e8 8a 34 e2 ff 48 8b 8b c8 00 00 00 48
0x00007fe072a22dbe:   89 58 10 48 83 c3 08 48 89 28 48 89 58 18 48 c7
0x00007fe072a22dce:   40 20 ff ff ff ff 48 89 48 08 48 83 c4 08 5b 5d
0x00007fe072a22dde:   c3 90 41 54 55 bf 28 00 00 00 53 48 89 d3 45 89
0x00007fe072a22dee:   c4 44 89 cd e8 49 34 e2 ff 48 8b 93 c8 00 00 00
0x00007fe072a22dfe:   48 89 58 10 48 83 c3 08 48 c7 00 00 00 00 00 48
0x00007fe072a22e0e:   89 58 18 44 89 60 20 89 68 24 48 89 50 08 5b 5d
0x00007fe072a22e1e:   41 5c c3 0f 1f 44 00 00 66 2e 0f 1f 84 00 00 00
0x00007fe072a22e2e:   00 00 55 53 bf 28 00 00 00 48 89 d3 44 89 c5 48
0x00007fe072a22e3e:   83 ec 08 e8 fa 33 e2 ff 48 8b 93 c8 00 00 00 48
0x00007fe072a22e4e:   89 58 10 48 83 c3 08 48 c7 00 00 00 00 00 48 89
0x00007fe072a22e5e:   58 18 89 68 20 c7 40 24 ff ff ff ff 48 89 50 08
0x00007fe072a22e6e:   48 83 c4 08 5b 5d c3 90 66 2e 0f 1f 84 00 00 00
0x00007fe072a22e7e:   00 00 53 bf 28 00 00 00 48 89 d3 e8 b2 33 e2 ff
0x00007fe072a22e8e:   48 8b 93 c8 00 00 00 48 89 58 10 48 83 c3 08 48
0x00007fe072a22e9e:   c7 00 00 00 00 00 48 89 58 18 48 c7 40 20 ff ff
0x00007fe072a22eae:   ff ff 48 89 50 08 5b c3 66 2e 0f 1f 84 00 00 00
0x00007fe072a22ebe:   00 00 48 89 d0 c3 66 90 66 2e 0f 1f 84 00 00 00
0x00007fe072a22ece:   00 00 be 28 00 00 00 48 89 d7 e9 a3 34 e2 ff 0f
0x00007fe072a22ede:   1f 00 48 85 d2 74 07 45 84 c0 0f 95 42 08 f3 c3
0x00007fe072a22eee:   66 90 0f b6 42 08 c3 90 66 2e 0f 1f 84 00 00 00
0x00007fe072a22efe:   00 00 48 83 ec 08 bf 10 00 00 00 e8 32 33 e2 ff
0x00007fe072a22f0e:   48 8b 15 43 26 37 00 c6 40 08 00 48 83 c2 10 48
0x00007fe072a22f1e:   89 10 48 83 c4 08 c3 90 66 2e 0f 1f 84 00 00 00
0x00007fe072a22f2e:   00 00 48 85 d2 75 0b f3 c3 66 0f 1f 84 00 00 00
0x00007fe072a22f3e:   00 00 48 8b 02 48 89 d7 48 8b 40 08 ff e0 0f 1f
0x00007fe072a22f4e:   40 00 48 83 ec 08 4d 85 c0 48 89 d0 48 8b 4c 24
0x00007fe072a22f5e:   20 48 8b 54 24 10 74 1a 48 8b 30 48 89 c7 4c 8b
0x00007fe072a22f6e:   4e 10 4c 89 c6 48 83 c4 08 41 ff e1 66 0f 1f 44
0x00007fe072a22f7e:   00 00 48 8d 15 c9 2a 0d 00 be 07 00 00 00 e8 6f 


Stack slot to memory mapping:
stack at sp + 0 slots: {method} {0x00007fe0b1fd7238} 'new_CollisionObjectWrapper__SWIG_11' '(JLcom/badlogic/gdx/physics/bullet/collision/btCollisionObject;)J' in 'com/badlogic/gdx/physics/bullet/collision/CollisionJNI'
stack at sp + 1 slots: 0x00007fe0c47cea30 is at code_begin+944 in an Interpreter codelet
method entry point (kind = native)  [0x00007fe0c47ce680, 0x00007fe0c47cf000]  2432 bytes
stack at sp + 2 slots: 0x0 is NULL
stack at sp + 3 slots: 0x00007fe0e269a590 is pointing into the stack for thread: 0x00007fe0dc019000
stack at sp + 4 slots: 0x00007fe0e269a5e0 is pointing into the stack for thread: 0x00007fe0dc019000
stack at sp + 5 slots: 0x00007fe0e269a588 is pointing into the stack for thread: 0x00007fe0dc019000
stack at sp + 6 slots: 0x0 is NULL
stack at sp + 7 slots: 0x00007fe0e269a600 is pointing into the stack for thread: 0x00007fe0dc019000


---------------  P R O C E S S  ---------------

Threads class SMR info:
_java_thread_list=0x00007fe07c250f30, length=10, elements={
0x00007fe0dc019000, 0x00007fe0dc1ce800, 0x00007fe0dc1d0800, 0x00007fe0dc1d6000,
0x00007fe0dc1d8000, 0x00007fe0dc1da000, 0x00007fe0dc1dc800, 0x00007fe0dc1de800,
0x00007fe0dc239800, 0x00007fe0dc94e000
}

Java Threads: ( => current thread )
=>0x00007fe0dc019000 JavaThread "main" [_thread_in_native, id=135193, stack(0x00007fe0e259b000,0x00007fe0e269c000)]
  0x00007fe0dc1ce800 JavaThread "Reference Handler" daemon [_thread_blocked, id=135200, stack(0x00007fe0b15fe000,0x00007fe0b16ff000)]
  0x00007fe0dc1d0800 JavaThread "Finalizer" daemon [_thread_blocked, id=135201, stack(0x00007fe0b14fd000,0x00007fe0b15fe000)]
  0x00007fe0dc1d6000 JavaThread "Signal Dispatcher" daemon [_thread_blocked, id=135202, stack(0x00007fe0b0e8c000,0x00007fe0b0f8d000)]
  0x00007fe0dc1d8000 JavaThread "Service Thread" daemon [_thread_blocked, id=135203, stack(0x00007fe0b0d8b000,0x00007fe0b0e8c000)]
  0x00007fe0dc1da000 JavaThread "C2 CompilerThread0" daemon [_thread_blocked, id=135204, stack(0x00007fe0b0c8a000,0x00007fe0b0d8b000)]
  0x00007fe0dc1dc800 JavaThread "C1 CompilerThread0" daemon [_thread_blocked, id=135205, stack(0x00007fe0b0b89000,0x00007fe0b0c8a000)]
  0x00007fe0dc1de800 JavaThread "Sweeper thread" daemon [_thread_blocked, id=135206, stack(0x00007fe0b0a88000,0x00007fe0b0b89000)]
  0x00007fe0dc239800 JavaThread "Common-Cleaner" daemon [_thread_blocked, id=135210, stack(0x00007fe0b0886000,0x00007fe0b0987000)]
  0x00007fe0dc94e000 JavaThread "Thread-0" daemon [_thread_blocked, id=135294, stack(0x00007fe071497000,0x00007fe071598000)]

Other Threads:
  0x00007fe0dc1cb800 VMThread "VM Thread" [stack: 0x00007fe0b1700000,0x00007fe0b1800000] [id=135199]
  0x00007fe0dc237000 WatcherThread [stack: 0x00007fe0b0988000,0x00007fe0b0a88000] [id=135208]
  0x00007fe0dc030800 GCTaskThread "GC Thread#0" [stack: 0x00007fe0e224f000,0x00007fe0e234f000] [id=135194]
  0x00007fe0a4001000 GCTaskThread "GC Thread#1" [stack: 0x00007fe072f42000,0x00007fe073042000] [id=135308]
  0x00007fe0a4002800 GCTaskThread "GC Thread#2" [stack: 0x00007fe072593000,0x00007fe072693000] [id=135309]
  0x00007fe0a4004000 GCTaskThread "GC Thread#3" [stack: 0x00007fe072492000,0x00007fe072592000] [id=135310]
  0x00007fe0a4006000 GCTaskThread "GC Thread#4" [stack: 0x00007fe072391000,0x00007fe072491000] [id=135311]
  0x00007fe0a4007800 GCTaskThread "GC Thread#5" [stack: 0x00007fe072290000,0x00007fe072390000] [id=135312]
  0x00007fe0dc08e000 ConcurrentGCThread "G1 Main Marker" [stack: 0x00007fe0e0122000,0x00007fe0e0222000] [id=135195]
  0x00007fe0dc090000 ConcurrentGCThread "G1 Conc#0" [stack: 0x00007fe0e0021000,0x00007fe0e0121000] [id=135196]
  0x00007fe0dc18e000 ConcurrentGCThread "G1 Refine#0" [stack: 0x00007fe0b828f000,0x00007fe0b838f000] [id=135197]
  0x00007fe0dc190000 ConcurrentGCThread "G1 Young RemSet Sampling" [stack: 0x00007fe0b818e000,0x00007fe0b828e000] [id=135198]

Threads with active compile tasks:

VM state:not at safepoint (normal execution)

VM Mutex/Monitor currently owned by a thread: None

Heap address: 0x0000000709200000, size: 3950 MB, Compressed Oops mode: Zero based, Oop shift amount: 3
Narrow klass base: 0x0000000800000000, Narrow klass shift: 3
Compressed class space size: 1073741824 Address: 0x0000000840000000

Heap:
 garbage-first heap   total 256000K, used 6062K [0x0000000709200000, 0x0000000800000000)
  region size 1024K, 7 young (7168K), 3 survivors (3072K)
 Metaspace       used 7322K, capacity 9900K, committed 10240K, reserved 1058816K
  class space    used 484K, capacity 754K, committed 768K, reserved 1048576K
Heap Regions: E=young(eden), S=young(survivor), O=old, HS=humongous(starts), HC=humongous(continues), CS=collection set, F=free, A=archive, TAMS=top-at-mark-start (previous, next)
|   0|0x0000000709200000, 0x0000000709200000, 0x0000000709300000|  0%| F|  |TAMS 0x0000000709200000, 0x0000000709200000| Untracked 
|   1|0x0000000709300000, 0x0000000709300000, 0x0000000709400000|  0%| F|  |TAMS 0x0000000709300000, 0x0000000709300000| Untracked 
|   2|0x0000000709400000, 0x0000000709400000, 0x0000000709500000|  0%| F|  |TAMS 0x0000000709400000, 0x0000000709400000| Untracked 
|   3|0x0000000709500000, 0x0000000709500000, 0x0000000709600000|  0%| F|  |TAMS 0x0000000709500000, 0x0000000709500000| Untracked 
|   4|0x0000000709600000, 0x0000000709600000, 0x0000000709700000|  0%| F|  |TAMS 0x0000000709600000, 0x0000000709600000| Untracked 
|   5|0x0000000709700000, 0x0000000709700000, 0x0000000709800000|  0%| F|  |TAMS 0x0000000709700000, 0x0000000709700000| Untracked 
|   6|0x0000000709800000, 0x0000000709800000, 0x0000000709900000|  0%| F|  |TAMS 0x0000000709800000, 0x0000000709800000| Untracked 
|   7|0x0000000709900000, 0x0000000709900000, 0x0000000709a00000|  0%| F|  |TAMS 0x0000000709900000, 0x0000000709900000| Untracked 
|   8|0x0000000709a00000, 0x0000000709a00000, 0x0000000709b00000|  0%| F|  |TAMS 0x0000000709a00000, 0x0000000709a00000| Untracked 
|   9|0x0000000709b00000, 0x0000000709b00000, 0x0000000709c00000|  0%| F|  |TAMS 0x0000000709b00000, 0x0000000709b00000| Untracked 
|  10|0x0000000709c00000, 0x0000000709c00000, 0x0000000709d00000|  0%| F|  |TAMS 0x0000000709c00000, 0x0000000709c00000| Untracked 
|  11|0x0000000709d00000, 0x0000000709d00000, 0x0000000709e00000|  0%| F|  |TAMS 0x0000000709d00000, 0x0000000709d00000| Untracked 
|  12|0x0000000709e00000, 0x0000000709e00000, 0x0000000709f00000|  0%| F|  |TAMS 0x0000000709e00000, 0x0000000709e00000| Untracked 
|  13|0x0000000709f00000, 0x0000000709f00000, 0x000000070a000000|  0%| F|  |TAMS 0x0000000709f00000, 0x0000000709f00000| Untracked 
|  14|0x000000070a000000, 0x000000070a000000, 0x000000070a100000|  0%| F|  |TAMS 0x000000070a000000, 0x000000070a000000| Untracked 
|  15|0x000000070a100000, 0x000000070a100000, 0x000000070a200000|  0%| F|  |TAMS 0x000000070a100000, 0x000000070a100000| Untracked 
|  16|0x000000070a200000, 0x000000070a200000, 0x000000070a300000|  0%| F|  |TAMS 0x000000070a200000, 0x000000070a200000| Untracked 
|  17|0x000000070a300000, 0x000000070a300000, 0x000000070a400000|  0%| F|  |TAMS 0x000000070a300000, 0x000000070a300000| Untracked 
|  18|0x000000070a400000, 0x000000070a400000, 0x000000070a500000|  0%| F|  |TAMS 0x000000070a400000, 0x000000070a400000| Untracked 
|  19|0x000000070a500000, 0x000000070a500000, 0x000000070a600000|  0%| F|  |TAMS 0x000000070a500000, 0x000000070a500000| Untracked 
|  20|0x000000070a600000, 0x000000070a600000, 0x000000070a700000|  0%| F|  |TAMS 0x000000070a600000, 0x000000070a600000| Untracked 
|  21|0x000000070a700000, 0x000000070a700000, 0x000000070a800000|  0%| F|  |TAMS 0x000000070a700000, 0x000000070a700000| Untracked 
|  22|0x000000070a800000, 0x000000070a800000, 0x000000070a900000|  0%| F|  |TAMS 0x000000070a800000, 0x000000070a800000| Untracked 
|  23|0x000000070a900000, 0x000000070a900000, 0x000000070aa00000|  0%| F|  |TAMS 0x000000070a900000, 0x000000070a900000| Untracked 
|  24|0x000000070aa00000, 0x000000070aa00000, 0x000000070ab00000|  0%| F|  |TAMS 0x000000070aa00000, 0x000000070aa00000| Untracked 
|  25|0x000000070ab00000, 0x000000070ab00000, 0x000000070ac00000|  0%| F|  |TAMS 0x000000070ab00000, 0x000000070ab00000| Untracked 
|  26|0x000000070ac00000, 0x000000070ac00000, 0x000000070ad00000|  0%| F|  |TAMS 0x000000070ac00000, 0x000000070ac00000| Untracked 
|  27|0x000000070ad00000, 0x000000070ad00000, 0x000000070ae00000|  0%| F|  |TAMS 0x000000070ad00000, 0x000000070ad00000| Untracked 
|  28|0x000000070ae00000, 0x000000070ae00000, 0x000000070af00000|  0%| F|  |TAMS 0x000000070ae00000, 0x000000070ae00000| Untracked 
|  29|0x000000070af00000, 0x000000070af00000, 0x000000070b000000|  0%| F|  |TAMS 0x000000070af00000, 0x000000070af00000| Untracked 
|  30|0x000000070b000000, 0x000000070b000000, 0x000000070b100000|  0%| F|  |TAMS 0x000000070b000000, 0x000000070b000000| Untracked 
|  31|0x000000070b100000, 0x000000070b100000, 0x000000070b200000|  0%| F|  |TAMS 0x000000070b100000, 0x000000070b100000| Untracked 
|  32|0x000000070b200000, 0x000000070b200000, 0x000000070b300000|  0%| F|  |TAMS 0x000000070b200000, 0x000000070b200000| Untracked 
|  33|0x000000070b300000, 0x000000070b300000, 0x000000070b400000|  0%| F|  |TAMS 0x000000070b300000, 0x000000070b300000| Untracked 
|  34|0x000000070b400000, 0x000000070b400000, 0x000000070b500000|  0%| F|  |TAMS 0x000000070b400000, 0x000000070b400000| Untracked 
|  35|0x000000070b500000, 0x000000070b500000, 0x000000070b600000|  0%| F|  |TAMS 0x000000070b500000, 0x000000070b500000| Untracked 
|  36|0x000000070b600000, 0x000000070b600000, 0x000000070b700000|  0%| F|  |TAMS 0x000000070b600000, 0x000000070b600000| Untracked 
|  37|0x000000070b700000, 0x000000070b700000, 0x000000070b800000|  0%| F|  |TAMS 0x000000070b700000, 0x000000070b700000| Untracked 
|  38|0x000000070b800000, 0x000000070b800000, 0x000000070b900000|  0%| F|  |TAMS 0x000000070b800000, 0x000000070b800000| Untracked 
|  39|0x000000070b900000, 0x000000070b900000, 0x000000070ba00000|  0%| F|  |TAMS 0x000000070b900000, 0x000000070b900000| Untracked 
|  40|0x000000070ba00000, 0x000000070ba00000, 0x000000070bb00000|  0%| F|  |TAMS 0x000000070ba00000, 0x000000070ba00000| Untracked 
|  41|0x000000070bb00000, 0x000000070bb00000, 0x000000070bc00000|  0%| F|  |TAMS 0x000000070bb00000, 0x000000070bb00000| Untracked 
|  42|0x000000070bc00000, 0x000000070bc00000, 0x000000070bd00000|  0%| F|  |TAMS 0x000000070bc00000, 0x000000070bc00000| Untracked 
|  43|0x000000070bd00000, 0x000000070bd00000, 0x000000070be00000|  0%| F|  |TAMS 0x000000070bd00000, 0x000000070bd00000| Untracked 
|  44|0x000000070be00000, 0x000000070be00000, 0x000000070bf00000|  0%| F|  |TAMS 0x000000070be00000, 0x000000070be00000| Untracked 
|  45|0x000000070bf00000, 0x000000070bf00000, 0x000000070c000000|  0%| F|  |TAMS 0x000000070bf00000, 0x000000070bf00000| Untracked 
|  46|0x000000070c000000, 0x000000070c000000, 0x000000070c100000|  0%| F|  |TAMS 0x000000070c000000, 0x000000070c000000| Untracked 
|  47|0x000000070c100000, 0x000000070c100000, 0x000000070c200000|  0%| F|  |TAMS 0x000000070c100000, 0x000000070c100000| Untracked 
|  48|0x000000070c200000, 0x000000070c200000, 0x000000070c300000|  0%| F|  |TAMS 0x000000070c200000, 0x000000070c200000| Untracked 
|  49|0x000000070c300000, 0x000000070c300000, 0x000000070c400000|  0%| F|  |TAMS 0x000000070c300000, 0x000000070c300000| Untracked 
|  50|0x000000070c400000, 0x000000070c400000, 0x000000070c500000|  0%| F|  |TAMS 0x000000070c400000, 0x000000070c400000| Untracked 
|  51|0x000000070c500000, 0x000000070c500000, 0x000000070c600000|  0%| F|  |TAMS 0x000000070c500000, 0x000000070c500000| Untracked 
|  52|0x000000070c600000, 0x000000070c600000, 0x000000070c700000|  0%| F|  |TAMS 0x000000070c600000, 0x000000070c600000| Untracked 
|  53|0x000000070c700000, 0x000000070c700000, 0x000000070c800000|  0%| F|  |TAMS 0x000000070c700000, 0x000000070c700000| Untracked 
|  54|0x000000070c800000, 0x000000070c800000, 0x000000070c900000|  0%| F|  |TAMS 0x000000070c800000, 0x000000070c800000| Untracked 
|  55|0x000000070c900000, 0x000000070c900000, 0x000000070ca00000|  0%| F|  |TAMS 0x000000070c900000, 0x000000070c900000| Untracked 
|  56|0x000000070ca00000, 0x000000070ca00000, 0x000000070cb00000|  0%| F|  |TAMS 0x000000070ca00000, 0x000000070ca00000| Untracked 
|  57|0x000000070cb00000, 0x000000070cb00000, 0x000000070cc00000|  0%| F|  |TAMS 0x000000070cb00000, 0x000000070cb00000| Untracked 
|  58|0x000000070cc00000, 0x000000070cc00000, 0x000000070cd00000|  0%| F|  |TAMS 0x000000070cc00000, 0x000000070cc00000| Untracked 
|  59|0x000000070cd00000, 0x000000070cd00000, 0x000000070ce00000|  0%| F|  |TAMS 0x000000070cd00000, 0x000000070cd00000| Untracked 
|  60|0x000000070ce00000, 0x000000070ce00000, 0x000000070cf00000|  0%| F|  |TAMS 0x000000070ce00000, 0x000000070ce00000| Untracked 
|  61|0x000000070cf00000, 0x000000070cf00000, 0x000000070d000000|  0%| F|  |TAMS 0x000000070cf00000, 0x000000070cf00000| Untracked 
|  62|0x000000070d000000, 0x000000070d000000, 0x000000070d100000|  0%| F|  |TAMS 0x000000070d000000, 0x000000070d000000| Untracked 
|  63|0x000000070d100000, 0x000000070d100000, 0x000000070d200000|  0%| F|  |TAMS 0x000000070d100000, 0x000000070d100000| Untracked 
|  64|0x000000070d200000, 0x000000070d200000, 0x000000070d300000|  0%| F|  |TAMS 0x000000070d200000, 0x000000070d200000| Untracked 
|  65|0x000000070d300000, 0x000000070d300000, 0x000000070d400000|  0%| F|  |TAMS 0x000000070d300000, 0x000000070d300000| Untracked 
|  66|0x000000070d400000, 0x000000070d400000, 0x000000070d500000|  0%| F|  |TAMS 0x000000070d400000, 0x000000070d400000| Untracked 
|  67|0x000000070d500000, 0x000000070d500000, 0x000000070d600000|  0%| F|  |TAMS 0x000000070d500000, 0x000000070d500000| Untracked 
|  68|0x000000070d600000, 0x000000070d600000, 0x000000070d700000|  0%| F|  |TAMS 0x000000070d600000, 0x000000070d600000| Untracked 
|  69|0x000000070d700000, 0x000000070d700000, 0x000000070d800000|  0%| F|  |TAMS 0x000000070d700000, 0x000000070d700000| Untracked 
|  70|0x000000070d800000, 0x000000070d800000, 0x000000070d900000|  0%| F|  |TAMS 0x000000070d800000, 0x000000070d800000| Untracked 
|  71|0x000000070d900000, 0x000000070d900000, 0x000000070da00000|  0%| F|  |TAMS 0x000000070d900000, 0x000000070d900000| Untracked 
|  72|0x000000070da00000, 0x000000070da00000, 0x000000070db00000|  0%| F|  |TAMS 0x000000070da00000, 0x000000070da00000| Untracked 
|  73|0x000000070db00000, 0x000000070db00000, 0x000000070dc00000|  0%| F|  |TAMS 0x000000070db00000, 0x000000070db00000| Untracked 
|  74|0x000000070dc00000, 0x000000070dc00000, 0x000000070dd00000|  0%| F|  |TAMS 0x000000070dc00000, 0x000000070dc00000| Untracked 
|  75|0x000000070dd00000, 0x000000070dd00000, 0x000000070de00000|  0%| F|  |TAMS 0x000000070dd00000, 0x000000070dd00000| Untracked 
|  76|0x000000070de00000, 0x000000070de00000, 0x000000070df00000|  0%| F|  |TAMS 0x000000070de00000, 0x000000070de00000| Untracked 
|  77|0x000000070df00000, 0x000000070df00000, 0x000000070e000000|  0%| F|  |TAMS 0x000000070df00000, 0x000000070df00000| Untracked 
|  78|0x000000070e000000, 0x000000070e000000, 0x000000070e100000|  0%| F|  |TAMS 0x000000070e000000, 0x000000070e000000| Untracked 
|  79|0x000000070e100000, 0x000000070e100000, 0x000000070e200000|  0%| F|  |TAMS 0x000000070e100000, 0x000000070e100000| Untracked 
|  80|0x000000070e200000, 0x000000070e200000, 0x000000070e300000|  0%| F|  |TAMS 0x000000070e200000, 0x000000070e200000| Untracked 
|  81|0x000000070e300000, 0x000000070e300000, 0x000000070e400000|  0%| F|  |TAMS 0x000000070e300000, 0x000000070e300000| Untracked 
|  82|0x000000070e400000, 0x000000070e400000, 0x000000070e500000|  0%| F|  |TAMS 0x000000070e400000, 0x000000070e400000| Untracked 
|  83|0x000000070e500000, 0x000000070e500000, 0x000000070e600000|  0%| F|  |TAMS 0x000000070e500000, 0x000000070e500000| Untracked 
|  84|0x000000070e600000, 0x000000070e600000, 0x000000070e700000|  0%| F|  |TAMS 0x000000070e600000, 0x000000070e600000| Untracked 
|  85|0x000000070e700000, 0x000000070e700000, 0x000000070e800000|  0%| F|  |TAMS 0x000000070e700000, 0x000000070e700000| Untracked 
|  86|0x000000070e800000, 0x000000070e800000, 0x000000070e900000|  0%| F|  |TAMS 0x000000070e800000, 0x000000070e800000| Untracked 
|  87|0x000000070e900000, 0x000000070e900000, 0x000000070ea00000|  0%| F|  |TAMS 0x000000070e900000, 0x000000070e900000| Untracked 
|  88|0x000000070ea00000, 0x000000070ea00000, 0x000000070eb00000|  0%| F|  |TAMS 0x000000070ea00000, 0x000000070ea00000| Untracked 
|  89|0x000000070eb00000, 0x000000070eb00000, 0x000000070ec00000|  0%| F|  |TAMS 0x000000070eb00000, 0x000000070eb00000| Untracked 
|  90|0x000000070ec00000, 0x000000070ec00000, 0x000000070ed00000|  0%| F|  |TAMS 0x000000070ec00000, 0x000000070ec00000| Untracked 
|  91|0x000000070ed00000, 0x000000070ed00000, 0x000000070ee00000|  0%| F|  |TAMS 0x000000070ed00000, 0x000000070ed00000| Untracked 
|  92|0x000000070ee00000, 0x000000070ee00000, 0x000000070ef00000|  0%| F|  |TAMS 0x000000070ee00000, 0x000000070ee00000| Untracked 
|  93|0x000000070ef00000, 0x000000070ef00000, 0x000000070f000000|  0%| F|  |TAMS 0x000000070ef00000, 0x000000070ef00000| Untracked 
|  94|0x000000070f000000, 0x000000070f000000, 0x000000070f100000|  0%| F|  |TAMS 0x000000070f000000, 0x000000070f000000| Untracked 
|  95|0x000000070f100000, 0x000000070f100000, 0x000000070f200000|  0%| F|  |TAMS 0x000000070f100000, 0x000000070f100000| Untracked 
|  96|0x000000070f200000, 0x000000070f200000, 0x000000070f300000|  0%| F|  |TAMS 0x000000070f200000, 0x000000070f200000| Untracked 
|  97|0x000000070f300000, 0x000000070f300000, 0x000000070f400000|  0%| F|  |TAMS 0x000000070f300000, 0x000000070f300000| Untracked 
|  98|0x000000070f400000, 0x000000070f400000, 0x000000070f500000|  0%| F|  |TAMS 0x000000070f400000, 0x000000070f400000| Untracked 
|  99|0x000000070f500000, 0x000000070f500000, 0x000000070f600000|  0%| F|  |TAMS 0x000000070f500000, 0x000000070f500000| Untracked 
| 100|0x000000070f600000, 0x000000070f600000, 0x000000070f700000|  0%| F|  |TAMS 0x000000070f600000, 0x000000070f600000| Untracked 
| 101|0x000000070f700000, 0x000000070f700000, 0x000000070f800000|  0%| F|  |TAMS 0x000000070f700000, 0x000000070f700000| Untracked 
| 102|0x000000070f800000, 0x000000070f800000, 0x000000070f900000|  0%| F|  |TAMS 0x000000070f800000, 0x000000070f800000| Untracked 
| 103|0x000000070f900000, 0x000000070f900000, 0x000000070fa00000|  0%| F|  |TAMS 0x000000070f900000, 0x000000070f900000| Untracked 
| 104|0x000000070fa00000, 0x000000070fa00000, 0x000000070fb00000|  0%| F|  |TAMS 0x000000070fa00000, 0x000000070fa00000| Untracked 
| 105|0x000000070fb00000, 0x000000070fb00000, 0x000000070fc00000|  0%| F|  |TAMS 0x000000070fb00000, 0x000000070fb00000| Untracked 
| 106|0x000000070fc00000, 0x000000070fc00000, 0x000000070fd00000|  0%| F|  |TAMS 0x000000070fc00000, 0x000000070fc00000| Untracked 
| 107|0x000000070fd00000, 0x000000070fd00000, 0x000000070fe00000|  0%| F|  |TAMS 0x000000070fd00000, 0x000000070fd00000| Untracked 
| 108|0x000000070fe00000, 0x000000070fe00000, 0x000000070ff00000|  0%| F|  |TAMS 0x000000070fe00000, 0x000000070fe00000| Untracked 
| 109|0x000000070ff00000, 0x000000070ff00000, 0x0000000710000000|  0%| F|  |TAMS 0x000000070ff00000, 0x000000070ff00000| Untracked 
| 110|0x0000000710000000, 0x0000000710000000, 0x0000000710100000|  0%| F|  |TAMS 0x0000000710000000, 0x0000000710000000| Untracked 
| 111|0x0000000710100000, 0x0000000710100000, 0x0000000710200000|  0%| F|  |TAMS 0x0000000710100000, 0x0000000710100000| Untracked 
| 112|0x0000000710200000, 0x0000000710200000, 0x0000000710300000|  0%| F|  |TAMS 0x0000000710200000, 0x0000000710200000| Untracked 
| 113|0x0000000710300000, 0x0000000710300000, 0x0000000710400000|  0%| F|  |TAMS 0x0000000710300000, 0x0000000710300000| Untracked 
| 114|0x0000000710400000, 0x0000000710400000, 0x0000000710500000|  0%| F|  |TAMS 0x0000000710400000, 0x0000000710400000| Untracked 
| 115|0x0000000710500000, 0x0000000710500000, 0x0000000710600000|  0%| F|  |TAMS 0x0000000710500000, 0x0000000710500000| Untracked 
| 116|0x0000000710600000, 0x0000000710600000, 0x0000000710700000|  0%| F|  |TAMS 0x0000000710600000, 0x0000000710600000| Untracked 
| 117|0x0000000710700000, 0x0000000710700000, 0x0000000710800000|  0%| F|  |TAMS 0x0000000710700000, 0x0000000710700000| Untracked 
| 118|0x0000000710800000, 0x0000000710800000, 0x0000000710900000|  0%| F|  |TAMS 0x0000000710800000, 0x0000000710800000| Untracked 
| 119|0x0000000710900000, 0x0000000710900000, 0x0000000710a00000|  0%| F|  |TAMS 0x0000000710900000, 0x0000000710900000| Untracked 
| 120|0x0000000710a00000, 0x0000000710a00000, 0x0000000710b00000|  0%| F|  |TAMS 0x0000000710a00000, 0x0000000710a00000| Untracked 
| 121|0x0000000710b00000, 0x0000000710b00000, 0x0000000710c00000|  0%| F|  |TAMS 0x0000000710b00000, 0x0000000710b00000| Untracked 
| 122|0x0000000710c00000, 0x0000000710c00000, 0x0000000710d00000|  0%| F|  |TAMS 0x0000000710c00000, 0x0000000710c00000| Untracked 
| 123|0x0000000710d00000, 0x0000000710d00000, 0x0000000710e00000|  0%| F|  |TAMS 0x0000000710d00000, 0x0000000710d00000| Untracked 
| 124|0x0000000710e00000, 0x0000000710e00000, 0x0000000710f00000|  0%| F|  |TAMS 0x0000000710e00000, 0x0000000710e00000| Untracked 
| 125|0x0000000710f00000, 0x0000000710f00000, 0x0000000711000000|  0%| F|  |TAMS 0x0000000710f00000, 0x0000000710f00000| Untracked 
| 126|0x0000000711000000, 0x0000000711000000, 0x0000000711100000|  0%| F|  |TAMS 0x0000000711000000, 0x0000000711000000| Untracked 
| 127|0x0000000711100000, 0x0000000711100000, 0x0000000711200000|  0%| F|  |TAMS 0x0000000711100000, 0x0000000711100000| Untracked 
| 128|0x0000000711200000, 0x0000000711200000, 0x0000000711300000|  0%| F|  |TAMS 0x0000000711200000, 0x0000000711200000| Untracked 
| 129|0x0000000711300000, 0x0000000711300000, 0x0000000711400000|  0%| F|  |TAMS 0x0000000711300000, 0x0000000711300000| Untracked 
| 130|0x0000000711400000, 0x0000000711400000, 0x0000000711500000|  0%| F|  |TAMS 0x0000000711400000, 0x0000000711400000| Untracked 
| 131|0x0000000711500000, 0x0000000711500000, 0x0000000711600000|  0%| F|  |TAMS 0x0000000711500000, 0x0000000711500000| Untracked 
| 132|0x0000000711600000, 0x0000000711600000, 0x0000000711700000|  0%| F|  |TAMS 0x0000000711600000, 0x0000000711600000| Untracked 
| 133|0x0000000711700000, 0x0000000711700000, 0x0000000711800000|  0%| F|  |TAMS 0x0000000711700000, 0x0000000711700000| Untracked 
| 134|0x0000000711800000, 0x0000000711800000, 0x0000000711900000|  0%| F|  |TAMS 0x0000000711800000, 0x0000000711800000| Untracked 
| 135|0x0000000711900000, 0x0000000711900000, 0x0000000711a00000|  0%| F|  |TAMS 0x0000000711900000, 0x0000000711900000| Untracked 
| 136|0x0000000711a00000, 0x0000000711a00000, 0x0000000711b00000|  0%| F|  |TAMS 0x0000000711a00000, 0x0000000711a00000| Untracked 
| 137|0x0000000711b00000, 0x0000000711b00000, 0x0000000711c00000|  0%| F|  |TAMS 0x0000000711b00000, 0x0000000711b00000| Untracked 
| 138|0x0000000711c00000, 0x0000000711c00000, 0x0000000711d00000|  0%| F|  |TAMS 0x0000000711c00000, 0x0000000711c00000| Untracked 
| 139|0x0000000711d00000, 0x0000000711d00000, 0x0000000711e00000|  0%| F|  |TAMS 0x0000000711d00000, 0x0000000711d00000| Untracked 
| 140|0x0000000711e00000, 0x0000000711e00000, 0x0000000711f00000|  0%| F|  |TAMS 0x0000000711e00000, 0x0000000711e00000| Untracked 
| 141|0x0000000711f00000, 0x0000000711f00000, 0x0000000712000000|  0%| F|  |TAMS 0x0000000711f00000, 0x0000000711f00000| Untracked 
| 142|0x0000000712000000, 0x0000000712000000, 0x0000000712100000|  0%| F|  |TAMS 0x0000000712000000, 0x0000000712000000| Untracked 
| 143|0x0000000712100000, 0x0000000712100000, 0x0000000712200000|  0%| F|  |TAMS 0x0000000712100000, 0x0000000712100000| Untracked 
| 144|0x0000000712200000, 0x0000000712200000, 0x0000000712300000|  0%| F|  |TAMS 0x0000000712200000, 0x0000000712200000| Untracked 
| 145|0x0000000712300000, 0x0000000712300000, 0x0000000712400000|  0%| F|  |TAMS 0x0000000712300000, 0x0000000712300000| Untracked 
| 146|0x0000000712400000, 0x0000000712400000, 0x0000000712500000|  0%| F|  |TAMS 0x0000000712400000, 0x0000000712400000| Untracked 
| 147|0x0000000712500000, 0x0000000712500000, 0x0000000712600000|  0%| F|  |TAMS 0x0000000712500000, 0x0000000712500000| Untracked 
| 148|0x0000000712600000, 0x0000000712600000, 0x0000000712700000|  0%| F|  |TAMS 0x0000000712600000, 0x0000000712600000| Untracked 
| 149|0x0000000712700000, 0x0000000712700000, 0x0000000712800000|  0%| F|  |TAMS 0x0000000712700000, 0x0000000712700000| Untracked 
| 150|0x0000000712800000, 0x0000000712800000, 0x0000000712900000|  0%| F|  |TAMS 0x0000000712800000, 0x0000000712800000| Untracked 
| 151|0x0000000712900000, 0x0000000712900000, 0x0000000712a00000|  0%| F|  |TAMS 0x0000000712900000, 0x0000000712900000| Untracked 
| 152|0x0000000712a00000, 0x0000000712a00000, 0x0000000712b00000|  0%| F|  |TAMS 0x0000000712a00000, 0x0000000712a00000| Untracked 
| 153|0x0000000712b00000, 0x0000000712b00000, 0x0000000712c00000|  0%| F|  |TAMS 0x0000000712b00000, 0x0000000712b00000| Untracked 
| 154|0x0000000712c00000, 0x0000000712c00000, 0x0000000712d00000|  0%| F|  |TAMS 0x0000000712c00000, 0x0000000712c00000| Untracked 
| 155|0x0000000712d00000, 0x0000000712d00000, 0x0000000712e00000|  0%| F|  |TAMS 0x0000000712d00000, 0x0000000712d00000| Untracked 
| 156|0x0000000712e00000, 0x0000000712e00000, 0x0000000712f00000|  0%| F|  |TAMS 0x0000000712e00000, 0x0000000712e00000| Untracked 
| 157|0x0000000712f00000, 0x0000000712f00000, 0x0000000713000000|  0%| F|  |TAMS 0x0000000712f00000, 0x0000000712f00000| Untracked 
| 158|0x0000000713000000, 0x0000000713000000, 0x0000000713100000|  0%| F|  |TAMS 0x0000000713000000, 0x0000000713000000| Untracked 
| 159|0x0000000713100000, 0x0000000713100000, 0x0000000713200000|  0%| F|  |TAMS 0x0000000713100000, 0x0000000713100000| Untracked 
| 160|0x0000000713200000, 0x0000000713200000, 0x0000000713300000|  0%| F|  |TAMS 0x0000000713200000, 0x0000000713200000| Untracked 
| 161|0x0000000713300000, 0x0000000713300000, 0x0000000713400000|  0%| F|  |TAMS 0x0000000713300000, 0x0000000713300000| Untracked 
| 162|0x0000000713400000, 0x0000000713400000, 0x0000000713500000|  0%| F|  |TAMS 0x0000000713400000, 0x0000000713400000| Untracked 
| 163|0x0000000713500000, 0x0000000713500000, 0x0000000713600000|  0%| F|  |TAMS 0x0000000713500000, 0x0000000713500000| Untracked 
| 164|0x0000000713600000, 0x0000000713600000, 0x0000000713700000|  0%| F|  |TAMS 0x0000000713600000, 0x0000000713600000| Untracked 
| 165|0x0000000713700000, 0x0000000713700000, 0x0000000713800000|  0%| F|  |TAMS 0x0000000713700000, 0x0000000713700000| Untracked 
| 166|0x0000000713800000, 0x0000000713800000, 0x0000000713900000|  0%| F|  |TAMS 0x0000000713800000, 0x0000000713800000| Untracked 
| 167|0x0000000713900000, 0x0000000713900000, 0x0000000713a00000|  0%| F|  |TAMS 0x0000000713900000, 0x0000000713900000| Untracked 
| 168|0x0000000713a00000, 0x0000000713a00000, 0x0000000713b00000|  0%| F|  |TAMS 0x0000000713a00000, 0x0000000713a00000| Untracked 
| 169|0x0000000713b00000, 0x0000000713b00000, 0x0000000713c00000|  0%| F|  |TAMS 0x0000000713b00000, 0x0000000713b00000| Untracked 
| 170|0x0000000713c00000, 0x0000000713c00000, 0x0000000713d00000|  0%| F|  |TAMS 0x0000000713c00000, 0x0000000713c00000| Untracked 
| 171|0x0000000713d00000, 0x0000000713d00000, 0x0000000713e00000|  0%| F|  |TAMS 0x0000000713d00000, 0x0000000713d00000| Untracked 
| 172|0x0000000713e00000, 0x0000000713e00000, 0x0000000713f00000|  0%| F|  |TAMS 0x0000000713e00000, 0x0000000713e00000| Untracked 
| 173|0x0000000713f00000, 0x0000000713f00000, 0x0000000714000000|  0%| F|  |TAMS 0x0000000713f00000, 0x0000000713f00000| Untracked 
| 174|0x0000000714000000, 0x0000000714000000, 0x0000000714100000|  0%| F|  |TAMS 0x0000000714000000, 0x0000000714000000| Untracked 
| 175|0x0000000714100000, 0x0000000714100000, 0x0000000714200000|  0%| F|  |TAMS 0x0000000714100000, 0x0000000714100000| Untracked 
| 176|0x0000000714200000, 0x0000000714200000, 0x0000000714300000|  0%| F|  |TAMS 0x0000000714200000, 0x0000000714200000| Untracked 
| 177|0x0000000714300000, 0x0000000714300000, 0x0000000714400000|  0%| F|  |TAMS 0x0000000714300000, 0x0000000714300000| Untracked 
| 178|0x0000000714400000, 0x0000000714400000, 0x0000000714500000|  0%| F|  |TAMS 0x0000000714400000, 0x0000000714400000| Untracked 
| 179|0x0000000714500000, 0x0000000714500000, 0x0000000714600000|  0%| F|  |TAMS 0x0000000714500000, 0x0000000714500000| Untracked 
| 180|0x0000000714600000, 0x0000000714600000, 0x0000000714700000|  0%| F|  |TAMS 0x0000000714600000, 0x0000000714600000| Untracked 
| 181|0x0000000714700000, 0x0000000714700000, 0x0000000714800000|  0%| F|  |TAMS 0x0000000714700000, 0x0000000714700000| Untracked 
| 182|0x0000000714800000, 0x0000000714800000, 0x0000000714900000|  0%| F|  |TAMS 0x0000000714800000, 0x0000000714800000| Untracked 
| 183|0x0000000714900000, 0x0000000714900000, 0x0000000714a00000|  0%| F|  |TAMS 0x0000000714900000, 0x0000000714900000| Untracked 
| 184|0x0000000714a00000, 0x0000000714a00000, 0x0000000714b00000|  0%| F|  |TAMS 0x0000000714a00000, 0x0000000714a00000| Untracked 
| 185|0x0000000714b00000, 0x0000000714b00000, 0x0000000714c00000|  0%| F|  |TAMS 0x0000000714b00000, 0x0000000714b00000| Untracked 
| 186|0x0000000714c00000, 0x0000000714c00000, 0x0000000714d00000|  0%| F|  |TAMS 0x0000000714c00000, 0x0000000714c00000| Untracked 
| 187|0x0000000714d00000, 0x0000000714d00000, 0x0000000714e00000|  0%| F|  |TAMS 0x0000000714d00000, 0x0000000714d00000| Untracked 
| 188|0x0000000714e00000, 0x0000000714e00000, 0x0000000714f00000|  0%| F|  |TAMS 0x0000000714e00000, 0x0000000714e00000| Untracked 
| 189|0x0000000714f00000, 0x0000000714f00000, 0x0000000715000000|  0%| F|  |TAMS 0x0000000714f00000, 0x0000000714f00000| Untracked 
| 190|0x0000000715000000, 0x0000000715000000, 0x0000000715100000|  0%| F|  |TAMS 0x0000000715000000, 0x0000000715000000| Untracked 
| 191|0x0000000715100000, 0x0000000715100000, 0x0000000715200000|  0%| F|  |TAMS 0x0000000715100000, 0x0000000715100000| Untracked 
| 192|0x0000000715200000, 0x0000000715200000, 0x0000000715300000|  0%| F|  |TAMS 0x0000000715200000, 0x0000000715200000| Untracked 
| 193|0x0000000715300000, 0x0000000715300000, 0x0000000715400000|  0%| F|  |TAMS 0x0000000715300000, 0x0000000715300000| Untracked 
| 194|0x0000000715400000, 0x0000000715400000, 0x0000000715500000|  0%| F|  |TAMS 0x0000000715400000, 0x0000000715400000| Untracked 
| 195|0x0000000715500000, 0x0000000715500000, 0x0000000715600000|  0%| F|  |TAMS 0x0000000715500000, 0x0000000715500000| Untracked 
| 196|0x0000000715600000, 0x0000000715600000, 0x0000000715700000|  0%| F|  |TAMS 0x0000000715600000, 0x0000000715600000| Untracked 
| 197|0x0000000715700000, 0x0000000715700000, 0x0000000715800000|  0%| F|  |TAMS 0x0000000715700000, 0x0000000715700000| Untracked 
| 198|0x0000000715800000, 0x0000000715800000, 0x0000000715900000|  0%| F|  |TAMS 0x0000000715800000, 0x0000000715800000| Untracked 
| 199|0x0000000715900000, 0x0000000715900000, 0x0000000715a00000|  0%| F|  |TAMS 0x0000000715900000, 0x0000000715900000| Untracked 
| 200|0x0000000715a00000, 0x0000000715a00000, 0x0000000715b00000|  0%| F|  |TAMS 0x0000000715a00000, 0x0000000715a00000| Untracked 
| 201|0x0000000715b00000, 0x0000000715b00000, 0x0000000715c00000|  0%| F|  |TAMS 0x0000000715b00000, 0x0000000715b00000| Untracked 
| 202|0x0000000715c00000, 0x0000000715c00000, 0x0000000715d00000|  0%| F|  |TAMS 0x0000000715c00000, 0x0000000715c00000| Untracked 
| 203|0x0000000715d00000, 0x0000000715d00000, 0x0000000715e00000|  0%| F|  |TAMS 0x0000000715d00000, 0x0000000715d00000| Untracked 
| 204|0x0000000715e00000, 0x0000000715e00000, 0x0000000715f00000|  0%| F|  |TAMS 0x0000000715e00000, 0x0000000715e00000| Untracked 
| 205|0x0000000715f00000, 0x0000000715f00000, 0x0000000716000000|  0%| F|  |TAMS 0x0000000715f00000, 0x0000000715f00000| Untracked 
| 206|0x0000000716000000, 0x0000000716000000, 0x0000000716100000|  0%| F|  |TAMS 0x0000000716000000, 0x0000000716000000| Untracked 
| 207|0x0000000716100000, 0x0000000716100000, 0x0000000716200000|  0%| F|  |TAMS 0x0000000716100000, 0x0000000716100000| Untracked 
| 208|0x0000000716200000, 0x0000000716200000, 0x0000000716300000|  0%| F|  |TAMS 0x0000000716200000, 0x0000000716200000| Untracked 
| 209|0x0000000716300000, 0x0000000716300000, 0x0000000716400000|  0%| F|  |TAMS 0x0000000716300000, 0x0000000716300000| Untracked 
| 210|0x0000000716400000, 0x0000000716400000, 0x0000000716500000|  0%| F|  |TAMS 0x0000000716400000, 0x0000000716400000| Untracked 
| 211|0x0000000716500000, 0x0000000716500000, 0x0000000716600000|  0%| F|  |TAMS 0x0000000716500000, 0x0000000716500000| Untracked 
| 212|0x0000000716600000, 0x0000000716600000, 0x0000000716700000|  0%| F|  |TAMS 0x0000000716600000, 0x0000000716600000| Untracked 
| 213|0x0000000716700000, 0x0000000716700000, 0x0000000716800000|  0%| F|  |TAMS 0x0000000716700000, 0x0000000716700000| Untracked 
| 214|0x0000000716800000, 0x0000000716800000, 0x0000000716900000|  0%| F|  |TAMS 0x0000000716800000, 0x0000000716800000| Untracked 
| 215|0x0000000716900000, 0x0000000716900000, 0x0000000716a00000|  0%| F|  |TAMS 0x0000000716900000, 0x0000000716900000| Untracked 
| 216|0x0000000716a00000, 0x0000000716a00000, 0x0000000716b00000|  0%| F|  |TAMS 0x0000000716a00000, 0x0000000716a00000| Untracked 
| 217|0x0000000716b00000, 0x0000000716b00000, 0x0000000716c00000|  0%| F|  |TAMS 0x0000000716b00000, 0x0000000716b00000| Untracked 
| 218|0x0000000716c00000, 0x0000000716c00000, 0x0000000716d00000|  0%| F|  |TAMS 0x0000000716c00000, 0x0000000716c00000| Untracked 
| 219|0x0000000716d00000, 0x0000000716d00000, 0x0000000716e00000|  0%| F|  |TAMS 0x0000000716d00000, 0x0000000716d00000| Untracked 
| 220|0x0000000716e00000, 0x0000000716e00000, 0x0000000716f00000|  0%| F|  |TAMS 0x0000000716e00000, 0x0000000716e00000| Untracked 
| 221|0x0000000716f00000, 0x0000000716f37b38, 0x0000000717000000| 21%| S|CS|TAMS 0x0000000716f00000, 0x0000000716f00000| Complete 
| 222|0x0000000717000000, 0x0000000717100000, 0x0000000717100000|100%| S|CS|TAMS 0x0000000717000000, 0x0000000717000000| Complete 
| 223|0x0000000717100000, 0x0000000717200000, 0x0000000717200000|100%| S|CS|TAMS 0x0000000717100000, 0x0000000717100000| Complete 
| 224|0x0000000717200000, 0x0000000717200000, 0x0000000717300000|  0%| F|  |TAMS 0x0000000717200000, 0x0000000717200000| Untracked 
| 225|0x0000000717300000, 0x0000000717300000, 0x0000000717400000|  0%| F|  |TAMS 0x0000000717300000, 0x0000000717300000| Untracked 
| 226|0x0000000717400000, 0x0000000717400000, 0x0000000717500000|  0%| F|  |TAMS 0x0000000717400000, 0x0000000717400000| Untracked 
| 227|0x0000000717500000, 0x0000000717500000, 0x0000000717600000|  0%| F|  |TAMS 0x0000000717500000, 0x0000000717500000| Untracked 
| 228|0x0000000717600000, 0x0000000717600000, 0x0000000717700000|  0%| F|  |TAMS 0x0000000717600000, 0x0000000717600000| Untracked 
| 229|0x0000000717700000, 0x0000000717700000, 0x0000000717800000|  0%| F|  |TAMS 0x0000000717700000, 0x0000000717700000| Untracked 
| 230|0x0000000717800000, 0x0000000717800000, 0x0000000717900000|  0%| F|  |TAMS 0x0000000717800000, 0x0000000717800000| Untracked 
| 231|0x0000000717900000, 0x0000000717900000, 0x0000000717a00000|  0%| F|  |TAMS 0x0000000717900000, 0x0000000717900000| Untracked 
| 232|0x0000000717a00000, 0x0000000717a00000, 0x0000000717b00000|  0%| F|  |TAMS 0x0000000717a00000, 0x0000000717a00000| Untracked 
| 233|0x0000000717b00000, 0x0000000717b00000, 0x0000000717c00000|  0%| F|  |TAMS 0x0000000717b00000, 0x0000000717b00000| Untracked 
| 234|0x0000000717c00000, 0x0000000717c00000, 0x0000000717d00000|  0%| F|  |TAMS 0x0000000717c00000, 0x0000000717c00000| Untracked 
| 235|0x0000000717d00000, 0x0000000717d00000, 0x0000000717e00000|  0%| F|  |TAMS 0x0000000717d00000, 0x0000000717d00000| Untracked 
| 236|0x0000000717e00000, 0x0000000717e00000, 0x0000000717f00000|  0%| F|  |TAMS 0x0000000717e00000, 0x0000000717e00000| Untracked 
| 237|0x0000000717f00000, 0x0000000717f00000, 0x0000000718000000|  0%| F|  |TAMS 0x0000000717f00000, 0x0000000717f00000| Untracked 
| 238|0x0000000718000000, 0x0000000718000000, 0x0000000718100000|  0%| F|  |TAMS 0x0000000718000000, 0x0000000718000000| Untracked 
| 239|0x0000000718100000, 0x0000000718100000, 0x0000000718200000|  0%| F|  |TAMS 0x0000000718100000, 0x0000000718100000| Untracked 
| 240|0x0000000718200000, 0x0000000718200000, 0x0000000718300000|  0%| F|  |TAMS 0x0000000718200000, 0x0000000718200000| Untracked 
| 241|0x0000000718300000, 0x0000000718300000, 0x0000000718400000|  0%| F|  |TAMS 0x0000000718300000, 0x0000000718300000| Untracked 
| 242|0x0000000718400000, 0x0000000718400000, 0x0000000718500000|  0%| F|  |TAMS 0x0000000718400000, 0x0000000718400000| Untracked 
| 243|0x0000000718500000, 0x0000000718500000, 0x0000000718600000|  0%| F|  |TAMS 0x0000000718500000, 0x0000000718500000| Untracked 
| 244|0x0000000718600000, 0x0000000718681828, 0x0000000718700000| 50%| E|  |TAMS 0x0000000718600000, 0x0000000718600000| Complete 
| 245|0x0000000718700000, 0x0000000718800000, 0x0000000718800000|100%| E|CS|TAMS 0x0000000718700000, 0x0000000718700000| Complete 
| 246|0x0000000718800000, 0x0000000718900000, 0x0000000718900000|100%| E|CS|TAMS 0x0000000718800000, 0x0000000718800000| Complete 
| 247|0x0000000718900000, 0x0000000718a00000, 0x0000000718a00000|100%| E|CS|TAMS 0x0000000718900000, 0x0000000718900000| Complete 
|2924|0x00000007bfe00000, 0x00000007bfe48000, 0x00000007bff00000| 28%|OA|  |TAMS 0x00000007bfe00000, 0x00000007bfe00000| Untracked 
|2925|0x00000007bff00000, 0x00000007bff6c000, 0x00000007c0000000| 42%|CA|  |TAMS 0x00000007bff00000, 0x00000007bff00000| Untracked 

Card table byte_map: [0x00007fe0e0ad8000,0x00007fe0e128f000] _byte_map_base: 0x00007fe0dd28f000

Marking Bits (Prev, Next): (CMBitMap*) 0x00007fe0dc07dc08, (CMBitMap*) 0x00007fe0dc07dc40
 Prev Bits: [0x00007fe0bc248000, 0x00007fe0c0000000)
 Next Bits: [0x00007fe0b8490000, 0x00007fe0bc248000)

Polling page: 0x00007fe0e3f02000

Metaspace:

Usage:
  Non-class:      8.93 MB capacity,     6.68 MB ( 75%) used,     2.24 MB ( 25%) free+waste,    12.31 KB ( <1%) overhead. 
      Class:    754.00 KB capacity,   484.79 KB ( 64%) used,   263.71 KB ( 35%) free+waste,     5.50 KB ( <1%) overhead. 
       Both:      9.67 MB capacity,     7.15 MB ( 74%) used,     2.50 MB ( 26%) free+waste,    17.81 KB ( <1%) overhead. 

Virtual space:
  Non-class space:       10.00 MB reserved,       9.25 MB ( 92%) committed 
      Class space:        1.00 GB reserved,     768.00 KB ( <1%) committed 
             Both:        1.01 GB reserved,      10.00 MB ( <1%) committed 

Chunk freelists:
   Non-Class:  74.00 KB
       Class:  14.00 KB
        Both:  88.00 KB

MaxMetaspaceSize: unlimited
CompressedClassSpaceSize: 1.00 GB
Initial GC threshold: 20.80 MB
Current GC threshold: 20.80 MB
CDS: on

CodeHeap 'non-profiled nmethods': size=120032Kb used=322Kb max_used=322Kb free=119709Kb
 bounds [0x00007fe0cc287000, 0x00007fe0cc4f7000, 0x00007fe0d37bf000]
CodeHeap 'profiled nmethods': size=120028Kb used=1489Kb max_used=1489Kb free=118539Kb
 bounds [0x00007fe0c4d50000, 0x00007fe0c4fc0000, 0x00007fe0cc287000]
CodeHeap 'non-nmethods': size=5700Kb used=1806Kb max_used=1823Kb free=3893Kb
 bounds [0x00007fe0c47bf000, 0x00007fe0c4a2f000, 0x00007fe0c4d50000]
 total_blobs=2106 nmethods=826 adapters=1194
 compilation: enabled
              stopped_count=0, restarted_count=0
 full_count=0

Compilation events (20 events):
Event: 1.174 Thread 0x00007fe0dc1dc800  814       3       java.util.zip.ZipFile$ZipFileInflaterInputStream::<init> (41 bytes)
Event: 1.175 Thread 0x00007fe0dc1dc800 nmethod 814 0x00007fe0c4ebaf10 code [0x00007fe0c4ebb140, 0x00007fe0c4ebb8b0]
Event: 1.175 Thread 0x00007fe0dc1dc800  816       3       jdk.internal.loader.BuiltinClassLoader::getAndVerifyPackage (109 bytes)
Event: 1.177 Thread 0x00007fe0dc1dc800 nmethod 816 0x00007fe0c4ebbb90 code [0x00007fe0c4ebbf80, 0x00007fe0c4ebd9a0]
Event: 1.177 Thread 0x00007fe0dc1dc800  818   !   3       jdk.internal.loader.Resource::getBytes (242 bytes)
Event: 1.179 Thread 0x00007fe0dc1dc800 nmethod 818 0x00007fe0c4ebe290 code [0x00007fe0c4ebe5e0, 0x00007fe0c4ec0060]
Event: 1.180 Thread 0x00007fe0dc1dc800  823       3       com.badlogic.gdx.math.Vector3::scl (23 bytes)
Event: 1.180 Thread 0x00007fe0dc1dc800 nmethod 823 0x00007fe0c4ec0a10 code [0x00007fe0c4ec0bc0, 0x00007fe0c4ec0d70]
Event: 1.180 Thread 0x00007fe0dc1dc800  817       3       java.lang.ClassLoader::getDefinedPackage (35 bytes)
Event: 1.180 Thread 0x00007fe0dc1dc800 nmethod 817 0x00007fe0c4ec0e90 code [0x00007fe0c4ec1080, 0x00007fe0c4ec1620]
Event: 1.180 Thread 0x00007fe0dc1dc800  819       3       java.lang.Thread::interrupted (8 bytes)
Event: 1.181 Thread 0x00007fe0dc1dc800 nmethod 819 0x00007fe0c4ec1810 code [0x00007fe0c4ec19c0, 0x00007fe0c4ec1ae0]
Event: 1.181 Thread 0x00007fe0dc1dc800  821       3       java.security.CodeSource::<init> (52 bytes)
Event: 1.181 Thread 0x00007fe0dc1dc800 nmethod 821 0x00007fe0c4ec1b90 code [0x00007fe0c4ec1d80, 0x00007fe0c4ec22f0]
Event: 1.181 Thread 0x00007fe0dc1dc800  822       3       java.security.SecureClassLoader$CodeSourceKey::<init> (10 bytes)
Event: 1.181 Thread 0x00007fe0dc1dc800 nmethod 822 0x00007fe0c4ec2410 code [0x00007fe0c4ec25c0, 0x00007fe0c4ec2790]
Event: 1.190 Thread 0x00007fe0dc1dc800  825       3       java.security.SecureClassLoader$CodeSourceKey::equals (56 bytes)
Event: 1.191 Thread 0x00007fe0dc1dc800 nmethod 825 0x00007fe0c4ec2890 code [0x00007fe0c4ec2aa0, 0x00007fe0c4ec3110]
Event: 1.191 Thread 0x00007fe0dc1dc800  826       3       java.security.CodeSource::matchCerts (254 bytes)
Event: 1.192 Thread 0x00007fe0dc1dc800 nmethod 826 0x00007fe0c4ec3310 code [0x00007fe0c4ec3560, 0x00007fe0c4ec4070]

GC Heap History (2 events):
Event: 1.068 GC heap before
{Heap before GC invocations=0 (full 0):
 garbage-first heap   total 256000K, used 24272K [0x0000000709200000, 0x0000000800000000)
  region size 1024K, 24 young (24576K), 0 survivors (0K)
 Metaspace       used 5654K, capacity 8300K, committed 8448K, reserved 1056768K
  class space    used 419K, capacity 690K, committed 768K, reserved 1048576K
}
Event: 1.084 GC heap after
{Heap after GC invocations=1 (full 0):
 garbage-first heap   total 256000K, used 2990K [0x0000000709200000, 0x0000000800000000)
  region size 1024K, 3 young (3072K), 3 survivors (3072K)
 Metaspace       used 5654K, capacity 8300K, committed 8448K, reserved 1056768K
  class space    used 419K, capacity 690K, committed 768K, reserved 1048576K
}

Deoptimization events (20 events):
Event: 0.544 Thread 0x00007fe0dc019000 DEOPT PACKING pc=0x00007fe0c4dde8cd sp=0x00007fe0e2698360
Event: 0.544 Thread 0x00007fe0dc019000 DEOPT UNPACKING pc=0x00007fe0c480964a sp=0x00007fe0e26977f8 mode 0
Event: 0.545 Thread 0x00007fe0dc019000 DEOPT PACKING pc=0x00007fe0c4dde822 sp=0x00007fe0e2698360
Event: 0.545 Thread 0x00007fe0dc019000 DEOPT UNPACKING pc=0x00007fe0c480964a sp=0x00007fe0e26977f8 mode 0
Event: 0.545 Thread 0x00007fe0dc019000 DEOPT PACKING pc=0x00007fe0c4dde8cd sp=0x00007fe0e2698360
Event: 0.545 Thread 0x00007fe0dc019000 DEOPT UNPACKING pc=0x00007fe0c480964a sp=0x00007fe0e26977f8 mode 0
Event: 0.545 Thread 0x00007fe0dc019000 DEOPT PACKING pc=0x00007fe0c4dde8cd sp=0x00007fe0e2698360
Event: 0.545 Thread 0x00007fe0dc019000 DEOPT UNPACKING pc=0x00007fe0c480964a sp=0x00007fe0e26977f8 mode 0
Event: 0.546 Thread 0x00007fe0dc019000 DEOPT PACKING pc=0x00007fe0c4dde822 sp=0x00007fe0e2698360
Event: 0.546 Thread 0x00007fe0dc019000 DEOPT UNPACKING pc=0x00007fe0c480964a sp=0x00007fe0e26977f8 mode 0
Event: 0.546 Thread 0x00007fe0dc019000 DEOPT PACKING pc=0x00007fe0c4dde8cd sp=0x00007fe0e2698360
Event: 0.546 Thread 0x00007fe0dc019000 DEOPT UNPACKING pc=0x00007fe0c480964a sp=0x00007fe0e26977f8 mode 0
Event: 0.547 Thread 0x00007fe0dc019000 DEOPT PACKING pc=0x00007fe0c4dde822 sp=0x00007fe0e2698360
Event: 0.547 Thread 0x00007fe0dc019000 DEOPT UNPACKING pc=0x00007fe0c480964a sp=0x00007fe0e26977f8 mode 0
Event: 0.850 Thread 0x00007fe0dc019000 Uncommon trap: trap_request=0xffffff76 fr.pc=0x00007fe0cc2aa988 relative=0x00000000000003c8
Event: 0.850 Thread 0x00007fe0dc019000 Uncommon trap: reason=loop_limit_check action=maybe_recompile pc=0x00007fe0cc2aa988 method=java.lang.StringLatin1.indexOf([BI[BII)I @ 37 c2
Event: 0.850 Thread 0x00007fe0dc019000 DEOPT PACKING pc=0x00007fe0cc2aa988 sp=0x00007fe0e2699fd0
Event: 0.850 Thread 0x00007fe0dc019000 DEOPT UNPACKING pc=0x00007fe0c4808ea5 sp=0x00007fe0e2699f50 mode 2
Event: 0.861 Thread 0x00007fe0dc019000 DEOPT PACKING pc=0x00007fe0c4d781c0 sp=0x00007fe0e2699860
Event: 0.861 Thread 0x00007fe0dc019000 DEOPT UNPACKING pc=0x00007fe0c480964a sp=0x00007fe0e2698da8 mode 0

Classes redefined (0 events):
No events

Internal exceptions (20 events):
Event: 0.281 Thread 0x00007fe0dc019000 Exception <a 'java/security/PrivilegedActionException'{0x00000007185b3640}> (0x00000007185b3640) thrown at [src/hotspot/share/prims/jvm.cpp, line 1304]
Event: 0.281 Thread 0x00007fe0dc019000 Exception <a 'java/security/PrivilegedActionException'{0x00000007185b3910}> (0x00000007185b3910) thrown at [src/hotspot/share/prims/jvm.cpp, line 1304]
Event: 0.300 Thread 0x00007fe0dc019000 Exception <a 'java/security/PrivilegedActionException'{0x000000071845c4a8}> (0x000000071845c4a8) thrown at [src/hotspot/share/prims/jvm.cpp, line 1304]
Event: 0.300 Thread 0x00007fe0dc019000 Exception <a 'java/security/PrivilegedActionException'{0x000000071845c778}> (0x000000071845c778) thrown at [src/hotspot/share/prims/jvm.cpp, line 1304]
Event: 0.474 Thread 0x00007fe0dc019000 Exception <a 'java/lang/NoSuchMethodError'{0x00000007181e5768}: 'int java.lang.invoke.DirectMethodHandle$Holder.invokeStaticInit(java.lang.Object, java.lang.Object, int, long)'> (0x00000007181e5768) thrown at [src/hotspot/share/interpreter/linkResolver.cpp, line 772]
Event: 0.476 Thread 0x00007fe0dc019000 Exception <a 'java/lang/NoSuchMethodError'{0x00000007181ea910}: 'java.lang.Object java.lang.invoke.Invokers$Holder.linkToTargetMethod(java.lang.Object, int, java.lang.Object)'> (0x00000007181ea910) thrown at [src/hotspot/share/interpreter/linkResolver.cpp, line 772]
Event: 0.480 Thread 0x00007fe0dc019000 Exception <a 'java/lang/NoSuchMethodError'{0x00000007181fec90}: 'int java.lang.invoke.DirectMethodHandle$Holder.invokeStaticInit(java.lang.Object, java.lang.Object, long, long)'> (0x00000007181fec90) thrown at [src/hotspot/share/interpreter/linkResolver.cpp, line 772]
Event: 0.483 Thread 0x00007fe0dc019000 Exception <a 'java/lang/NoSuchMethodError'{0x000000071800a8d0}: 'java.lang.Object java.lang.invoke.Invokers$Holder.linkToTargetMethod(java.lang.Object, long, java.lang.Object)'> (0x000000071800a8d0) thrown at [src/hotspot/share/interpreter/linkResolver.cpp, line 772]
Event: 0.485 Thread 0x00007fe0dc019000 Exception <a 'java/lang/NoSuchMethodError'{0x0000000718010c08}: 'int java.lang.invoke.DirectMethodHandle$Holder.invokeStaticInit(java.lang.Object, java.lang.Object, java.lang.Object, long)'> (0x0000000718010c08) thrown at [src/hotspot/share/interpreter/linkResolver.cpp, line 772]
Event: 0.522 Thread 0x00007fe0dc019000 Exception <a 'sun/nio/fs/UnixException'{0x0000000717f04a38}> (0x0000000717f04a38) thrown at [src/hotspot/share/prims/jni.cpp, line 617]
Event: 0.572 Thread 0x00007fe0dc019000 Exception <a 'sun/nio/fs/UnixException'{0x0000000717e009a8}> (0x0000000717e009a8) thrown at [src/hotspot/share/prims/jni.cpp, line 617]
Event: 0.600 Thread 0x00007fe0dc019000 Exception <a 'java/lang/NoSuchMethodError'{0x0000000717e68f10}: 'java.lang.Object java.lang.invoke.DirectMethodHandle$Holder.invokeStaticInit(java.lang.Object, int)'> (0x0000000717e68f10) thrown at [src/hotspot/share/interpreter/linkResolver.cpp, line 772]
Event: 0.612 Thread 0x00007fe0dc019000 Exception <a 'java/lang/NoSuchMethodError'{0x0000000717d21480}: 'java.lang.Object java.lang.invoke.DirectMethodHandle$Holder.newInvokeSpecial(java.lang.Object, java.lang.Object, java.lang.Object)'> (0x0000000717d21480) thrown at [src/hotspot/share/interpreter/linkResolver.cpp, line 772]
Event: 0.638 Thread 0x00007fe0dc019000 Exception <a 'sun/nio/fs/UnixException'{0x0000000717c27d40}> (0x0000000717c27d40) thrown at [src/hotspot/share/prims/jni.cpp, line 617]
Event: 0.672 Thread 0x00007fe0dc019000 Exception <a 'java/lang/NoSuchMethodError'{0x0000000717cc09f0}: 'java.lang.Object java.lang.invoke.DirectMethodHandle$Holder.invokeStatic(java.lang.Object, long)'> (0x0000000717cc09f0) thrown at [src/hotspot/share/interpreter/linkResolver.cpp, line 772]
Event: 0.673 Thread 0x00007fe0dc019000 Exception <a 'java/lang/NoSuchMethodError'{0x0000000717cc3a70}: 'java.lang.Object java.lang.invoke.DirectMethodHandle$Holder.invokeSpecial(java.lang.Object, java.lang.Object, long)'> (0x0000000717cc3a70) thrown at [src/hotspot/share/interpreter/linkResolver.cpp, line 772]
Event: 0.673 Thread 0x00007fe0dc019000 Exception <a 'java/lang/NoSuchMethodError'{0x0000000717cc6530}: 'java.lang.Object java.lang.invoke.Invokers$Holder.linkToTargetMethod(long, java.lang.Object)'> (0x0000000717cc6530) thrown at [src/hotspot/share/interpreter/linkResolver.cpp, line 772]
Event: 0.855 Thread 0x00007fe0dc019000 Exception <a 'java/lang/NoSuchMethodError'{0x00000007178c5b98}: 'void java.lang.invoke.DirectMethodHandle$Holder.invokeStatic(java.lang.Object, long)'> (0x00000007178c5b98) thrown at [src/hotspot/share/interpreter/linkResolver.cpp, line 772]
Event: 0.864 Thread 0x00007fe0dc019000 Exception <a 'sun/nio/fs/UnixException'{0x000000071773ced8}> (0x000000071773ced8) thrown at [src/hotspot/share/prims/jni.cpp, line 617]
Event: 0.872 Thread 0x00007fe0dc019000 Exception <a 'sun/nio/fs/UnixException'{0x0000000717774f50}> (0x0000000717774f50) thrown at [src/hotspot/share/prims/jni.cpp, line 617]

Events (20 events):
Event: 1.180 loading class com/badlogic/gdx/physics/bullet/collision/btCollisionObject
Event: 1.180 loading class com/badlogic/gdx/physics/bullet/collision/btCollisionObject done
Event: 1.182 loading class com/badlogic/gdx/physics/bullet/collision/GdxCollisionObjectBridge
Event: 1.182 loading class com/badlogic/gdx/physics/bullet/collision/GdxCollisionObjectBridge done
Event: 1.187 loading class com/badlogic/gdx/physics/bullet/collision/CollisionObjectWrapper
Event: 1.187 loading class com/badlogic/gdx/physics/bullet/collision/CollisionObjectWrapper done
Event: 1.188 loading class com/badlogic/gdx/physics/bullet/collision/btCollisionObjectWrapper
Event: 1.188 loading class com/badlogic/gdx/physics/bullet/collision/btCollisionObjectWrapper done
Event: 1.189 loading class com/badlogic/gdx/physics/bullet/collision/btPersistentManifold
Event: 1.189 loading class com/badlogic/gdx/physics/bullet/collision/btPersistentManifold done
Event: 1.189 loading class com/badlogic/gdx/physics/bullet/linearmath/btTypedObject
Event: 1.189 loading class com/badlogic/gdx/physics/bullet/linearmath/btTypedObject done
Event: 1.190 loading class com/badlogic/gdx/physics/bullet/collision/btCollisionAlgorithm
Event: 1.190 loading class com/badlogic/gdx/physics/bullet/collision/btCollisionAlgorithm done
Event: 1.190 loading class com/badlogic/gdx/physics/bullet/collision/btDispatcherInfo
Event: 1.190 loading class com/badlogic/gdx/physics/bullet/collision/btDispatcherInfo done
Event: 1.191 loading class com/badlogic/gdx/physics/bullet/collision/btManifoldResult
Event: 1.191 loading class com/badlogic/gdx/physics/bullet/collision/btManifoldResult done
Event: 1.191 loading class com/badlogic/gdx/physics/bullet/collision/btDiscreteCollisionDetectorInterface$Result
Event: 1.191 loading class com/badlogic/gdx/physics/bullet/collision/btDiscreteCollisionDetectorInterface$Result done


Dynamic libraries:
709200000-718a00000 rw-p 00000000 00:00 0 
718a00000-7bfe00000 ---p 00000000 00:00 0 
7bfe00000-7bfe48000 rw-p 00b14000 103:05 1195530                         /usr/lib/jvm/java-11-openjdk-amd64/lib/server/classes.jsa
7bfe48000-7bff00000 rw-p 00000000 00:00 0 
7bff00000-7bff6c000 rw-p 00aa8000 103:05 1195530                         /usr/lib/jvm/java-11-openjdk-amd64/lib/server/classes.jsa
7bff6c000-7c0000000 rw-p 00000000 00:00 0 
7c0000000-800000000 ---p 00000000 00:00 0 
800000000-800002000 rwxp 00001000 103:05 1195530                         /usr/lib/jvm/java-11-openjdk-amd64/lib/server/classes.jsa
800002000-8003ce000 rw-p 00003000 103:05 1195530                         /usr/lib/jvm/java-11-openjdk-amd64/lib/server/classes.jsa
8003ce000-800aa6000 r--p 003cf000 103:05 1195530                         /usr/lib/jvm/java-11-openjdk-amd64/lib/server/classes.jsa
800aa6000-800aa7000 rw-p 00aa7000 103:05 1195530                         /usr/lib/jvm/java-11-openjdk-amd64/lib/server/classes.jsa
840000000-8400c0000 rw-p 00000000 00:00 0 
8400c0000-880000000 ---p 00000000 00:00 0 
55c5a725a000-55c5a725b000 r--p 00000000 103:05 1195161                   /usr/lib/jvm/java-11-openjdk-amd64/bin/java
55c5a725b000-55c5a725c000 r-xp 00001000 103:05 1195161                   /usr/lib/jvm/java-11-openjdk-amd64/bin/java
55c5a725c000-55c5a725d000 r--p 00002000 103:05 1195161                   /usr/lib/jvm/java-11-openjdk-amd64/bin/java
55c5a725d000-55c5a725e000 r--p 00002000 103:05 1195161                   /usr/lib/jvm/java-11-openjdk-amd64/bin/java
55c5a725e000-55c5a725f000 rw-p 00003000 103:05 1195161                   /usr/lib/jvm/java-11-openjdk-amd64/bin/java
55c5b9245000-55c5b9266000 rw-p 00000000 00:00 0                          [heap]
7fe02c000000-7fe02c021000 rw-p 00000000 00:00 0 
7fe02c021000-7fe030000000 ---p 00000000 00:00 0 
7fe030000000-7fe030021000 rw-p 00000000 00:00 0 
7fe030021000-7fe034000000 ---p 00000000 00:00 0 
7fe034000000-7fe034021000 rw-p 00000000 00:00 0 
7fe034021000-7fe038000000 ---p 00000000 00:00 0 
7fe038000000-7fe038021000 rw-p 00000000 00:00 0 
7fe038021000-7fe03c000000 ---p 00000000 00:00 0 
7fe03c000000-7fe03c1c6000 rw-p 00000000 00:00 0 
7fe03c1c6000-7fe040000000 ---p 00000000 00:00 0 
7fe040000000-7fe040021000 rw-p 00000000 00:00 0 
7fe040021000-7fe044000000 ---p 00000000 00:00 0 
7fe044000000-7fe048000000 rw-s 00000000 00:01 4587                       /memfd:pulseaudio (deleted)
7fe048000000-7fe04c000000 rw-s 00000000 00:01 2049                       /memfd:pulseaudio (deleted)
7fe04c000000-7fe04c021000 rw-p 00000000 00:00 0 
7fe04c021000-7fe050000000 ---p 00000000 00:00 0 
7fe050000000-7fe054000000 rw-s 00000000 00:01 6587                       /memfd:pulseaudio (deleted)
7fe054000000-7fe058000000 rw-s 00000000 00:01 6587                       /memfd:pulseaudio (deleted)
7fe058000000-7fe058027000 rw-p 00000000 00:00 0 
7fe058027000-7fe05c000000 ---p 00000000 00:00 0 
7fe05e84a000-7fe063a6b000 r-xp 00000000 103:05 1181814                   /usr/lib/x86_64-linux-gnu/libLLVM-12.so.1
7fe063a6b000-7fe063f84000 r--p 05220000 103:05 1181814                   /usr/lib/x86_64-linux-gnu/libLLVM-12.so.1
7fe063f84000-7fe063f8b000 rw-p 05739000 103:05 1181814                   /usr/lib/x86_64-linux-gnu/libLLVM-12.so.1
7fe063f8b000-7fe064000000 rw-p 00000000 00:00 0 
7fe064000000-7fe064021000 rw-p 00000000 00:00 0 
7fe064021000-7fe068000000 ---p 00000000 00:00 0 
7fe068000000-7fe068021000 rw-p 00000000 00:00 0 
7fe068021000-7fe06c000000 ---p 00000000 00:00 0 
7fe06c000000-7fe06c021000 rw-p 00000000 00:00 0 
7fe06c021000-7fe070000000 ---p 00000000 00:00 0 
7fe0706dc000-7fe070c96000 rw-p 00000000 00:00 0 
7fe070c96000-7fe070c97000 ---p 00000000 00:00 0 
7fe070c97000-7fe071497000 rw-p 00000000 00:00 0 
7fe071497000-7fe07149b000 ---p 00000000 00:00 0 
7fe07149b000-7fe071598000 rw-p 00000000 00:00 0 
7fe071598000-7fe071599000 ---p 00000000 00:00 0 
7fe071599000-7fe071d99000 rw-p 00000000 00:00 0 
7fe071f44000-7fe0721cf000 rw-p 00000000 00:00 0 
7fe0721cf000-7fe07228f000 ---p 00000000 00:00 0 
7fe07228f000-7fe072290000 ---p 00000000 00:00 0 
7fe072290000-7fe072390000 rw-p 00000000 00:00 0 
7fe072390000-7fe072391000 ---p 00000000 00:00 0 
7fe072391000-7fe072491000 rw-p 00000000 00:00 0 
7fe072491000-7fe072492000 ---p 00000000 00:00 0 
7fe072492000-7fe072592000 rw-p 00000000 00:00 0 
7fe072592000-7fe072593000 ---p 00000000 00:00 0 
7fe072593000-7fe072693000 rw-p 00000000 00:00 0 
7fe072693000-7fe072b8c000 r-xp 00000000 103:05 1048760                   /tmp/libgdxcillian/137ecdf6/libgdx-bullet64.so
7fe072b8c000-7fe072d8b000 ---p 004f9000 103:05 1048760                   /tmp/libgdxcillian/137ecdf6/libgdx-bullet64.so
7fe072d8b000-7fe072d96000 r--p 004f8000 103:05 1048760                   /tmp/libgdxcillian/137ecdf6/libgdx-bullet64.so
7fe072d96000-7fe072da1000 rw-p 00503000 103:05 1048760                   /tmp/libgdxcillian/137ecdf6/libgdx-bullet64.so
7fe072da1000-7fe072da3000 rw-p 00000000 00:00 0 
7fe072da3000-7fe072da7000 ---p 00000000 00:00 0 
7fe072da7000-7fe072ea4000 rw-p 00000000 00:00 0 
7fe072f41000-7fe072f42000 ---p 00000000 00:00 0 
7fe072f42000-7fe073042000 rw-p 00000000 00:00 0 
7fe073042000-7fe073075000 r--p 00000000 103:05 1048749                   /tmp/lwjgl_cillian/3.3.3+5/x64/liblwjgl_opengl.so
7fe073075000-7fe073089000 r-xp 00033000 103:05 1048749                   /tmp/lwjgl_cillian/3.3.3+5/x64/liblwjgl_opengl.so
7fe073089000-7fe073099000 r--p 00047000 103:05 1048749                   /tmp/lwjgl_cillian/3.3.3+5/x64/liblwjgl_opengl.so
7fe073099000-7fe07309a000 r--p 00056000 103:05 1048749                   /tmp/lwjgl_cillian/3.3.3+5/x64/liblwjgl_opengl.so
7fe07309a000-7fe07309b000 rw-p 00057000 103:05 1048749                   /tmp/lwjgl_cillian/3.3.3+5/x64/liblwjgl_opengl.so
7fe07309b000-7fe0730ab000 rw-s 103434000 00:0e 13531                     anon_inode:i915.gem
7fe0730ab000-7fe0730bb000 rw-s 11c29d000 00:0e 13531                     anon_inode:i915.gem
7fe0730bb000-7fe0730cb000 rw-s 10bc3b000 00:0e 13531                     anon_inode:i915.gem
7fe0730cb000-7fe0731cb000 rw-s 102854000 00:0e 13531                     anon_inode:i915.gem
7fe0731cb000-7fe0731cf000 rw-s 103b91000 00:0e 13531                     anon_inode:i915.gem
7fe0731cf000-7fe07328f000 rw-s 1173fd000 00:0e 13531                     anon_inode:i915.gem
7fe07328f000-7fe073290000 ---p 00000000 00:00 0 
7fe073290000-7fe073a90000 rw-p 00000000 00:00 0 
7fe073a90000-7fe073aa0000 rw-s 115855000 00:0e 13531                     anon_inode:i915.gem
7fe073aa0000-7fe073ab0000 rw-s 106448000 00:0e 13531                     anon_inode:i915.gem
7fe073ab0000-7fe073ac0000 rw-s 118747000 00:0e 13531                     anon_inode:i915.gem
7fe073ac0000-7fe073ad0000 rw-s 10ef4e000 00:0e 13531                     anon_inode:i915.gem
7fe073ad0000-7fe073c11000 rw-s 00000000 103:05 2770314                   /home/cillian/.cache/mesa_shader_cache/index
7fe073c11000-7fe073c1f000 r--p 00000000 103:05 1180638                   /usr/lib/x86_64-linux-gnu/libtinfo.so.6.2
7fe073c1f000-7fe073c2e000 r-xp 0000e000 103:05 1180638                   /usr/lib/x86_64-linux-gnu/libtinfo.so.6.2
7fe073c2e000-7fe073c3c000 r--p 0001d000 103:05 1180638                   /usr/lib/x86_64-linux-gnu/libtinfo.so.6.2
7fe073c3c000-7fe073c40000 r--p 0002a000 103:05 1180638                   /usr/lib/x86_64-linux-gnu/libtinfo.so.6.2
7fe073c40000-7fe073c41000 rw-p 0002e000 103:05 1180638                   /usr/lib/x86_64-linux-gnu/libtinfo.so.6.2
7fe073c41000-7fe073c49000 r--p 00000000 103:05 1187954                   /usr/lib/x86_64-linux-gnu/libedit.so.2.0.63
7fe073c49000-7fe073c64000 r-xp 00008000 103:05 1187954                   /usr/lib/x86_64-linux-gnu/libedit.so.2.0.63
7fe073c64000-7fe073c72000 r--p 00023000 103:05 1187954                   /usr/lib/x86_64-linux-gnu/libedit.so.2.0.63
7fe073c72000-7fe073c74000 r--p 00030000 103:05 1187954                   /usr/lib/x86_64-linux-gnu/libedit.so.2.0.63
7fe073c74000-7fe073c75000 rw-p 00032000 103:05 1187954                   /usr/lib/x86_64-linux-gnu/libedit.so.2.0.63
7fe073c75000-7fe073c79000 rw-p 00000000 00:00 0 
7fe073c79000-7fe073c7b000 r--p 00000000 103:05 1188004                   /usr/lib/x86_64-linux-gnu/libffi.so.7.1.0
7fe073c7b000-7fe073c81000 r-xp 00002000 103:05 1188004                   /usr/lib/x86_64-linux-gnu/libffi.so.7.1.0
7fe073c81000-7fe073c82000 r--p 00008000 103:05 1188004                   /usr/lib/x86_64-linux-gnu/libffi.so.7.1.0
7fe073c82000-7fe073c83000 ---p 00009000 103:05 1188004                   /usr/lib/x86_64-linux-gnu/libffi.so.7.1.0
7fe073c83000-7fe073c84000 r--p 00009000 103:05 1188004                   /usr/lib/x86_64-linux-gnu/libffi.so.7.1.0
7fe073c84000-7fe073c85000 rw-p 0000a000 103:05 1188004                   /usr/lib/x86_64-linux-gnu/libffi.so.7.1.0
7fe073c85000-7fe073c94000 r--p 00000000 103:05 1188985                   /usr/lib/x86_64-linux-gnu/libvulkan.so.1.2.131
7fe073c94000-7fe073cc6000 r-xp 0000f000 103:05 1188985                   /usr/lib/x86_64-linux-gnu/libvulkan.so.1.2.131
7fe073cc6000-7fe073cd9000 r--p 00041000 103:05 1188985                   /usr/lib/x86_64-linux-gnu/libvulkan.so.1.2.131
7fe073cd9000-7fe073cda000 r--p 00053000 103:05 1188985                   /usr/lib/x86_64-linux-gnu/libvulkan.so.1.2.131
7fe073cda000-7fe073cdb000 rw-p 00054000 103:05 1188985                   /usr/lib/x86_64-linux-gnu/libvulkan.so.1.2.131
7fe073cdb000-7fe073cdd000 r--p 00000000 103:05 1184967                   /usr/lib/x86_64-linux-gnu/libdrm_nouveau.so.2.0.0
7fe073cdd000-7fe073ce2000 r-xp 00002000 103:05 1184967                   /usr/lib/x86_64-linux-gnu/libdrm_nouveau.so.2.0.0
7fe073ce2000-7fe073ce4000 r--p 00007000 103:05 1184967                   /usr/lib/x86_64-linux-gnu/libdrm_nouveau.so.2.0.0
7fe073ce4000-7fe073ce5000 r--p 00008000 103:05 1184967                   /usr/lib/x86_64-linux-gnu/libdrm_nouveau.so.2.0.0
7fe073ce5000-7fe073ce6000 rw-p 00009000 103:05 1184967                   /usr/lib/x86_64-linux-gnu/libdrm_nouveau.so.2.0.0
7fe073ce6000-7fe073ce9000 r--p 00000000 103:05 1181811                   /usr/lib/x86_64-linux-gnu/libdrm_amdgpu.so.1.0.0
7fe073ce9000-7fe073cee000 r-xp 00003000 103:05 1181811                   /usr/lib/x86_64-linux-gnu/libdrm_amdgpu.so.1.0.0
7fe073cee000-7fe073cf0000 r--p 00008000 103:05 1181811                   /usr/lib/x86_64-linux-gnu/libdrm_amdgpu.so.1.0.0
7fe073cf0000-7fe073cf1000 r--p 00009000 103:05 1181811                   /usr/lib/x86_64-linux-gnu/libdrm_amdgpu.so.1.0.0
7fe073cf1000-7fe073cf2000 rw-p 0000a000 103:05 1181811                   /usr/lib/x86_64-linux-gnu/libdrm_amdgpu.so.1.0.0
7fe073cf2000-7fe073cf5000 r--p 00000000 103:05 1180338                   /usr/lib/x86_64-linux-gnu/libelf-0.176.so
7fe073cf5000-7fe073d07000 r-xp 00003000 103:05 1180338                   /usr/lib/x86_64-linux-gnu/libelf-0.176.so
7fe073d07000-7fe073d0c000 r--p 00015000 103:05 1180338                   /usr/lib/x86_64-linux-gnu/libelf-0.176.so
7fe073d0c000-7fe073d0d000 r--p 00019000 103:05 1180338                   /usr/lib/x86_64-linux-gnu/libelf-0.176.so
7fe073d0d000-7fe073d0e000 rw-p 0001a000 103:05 1180338                   /usr/lib/x86_64-linux-gnu/libelf-0.176.so
7fe073d0e000-7fe073d10000 r--p 00000000 103:05 1184971                   /usr/lib/x86_64-linux-gnu/libdrm_radeon.so.1.0.1
7fe073d10000-7fe073d17000 r-xp 00002000 103:05 1184971                   /usr/lib/x86_64-linux-gnu/libdrm_radeon.so.1.0.1
7fe073d17000-7fe073d1b000 r--p 00009000 103:05 1184971                   /usr/lib/x86_64-linux-gnu/libdrm_radeon.so.1.0.1
7fe073d1b000-7fe073d1c000 r--p 0000c000 103:05 1184971                   /usr/lib/x86_64-linux-gnu/libdrm_radeon.so.1.0.1
7fe073d1c000-7fe073d1d000 rw-p 0000d000 103:05 1184971                   /usr/lib/x86_64-linux-gnu/libdrm_radeon.so.1.0.1
7fe073d1d000-7fe073d20000 r--p 00000000 103:05 1184975                   /usr/lib/x86_64-linux-gnu/libsensors.so.5.0.0
7fe073d20000-7fe073d27000 r-xp 00003000 103:05 1184975                   /usr/lib/x86_64-linux-gnu/libsensors.so.5.0.0
7fe073d27000-7fe073d2c000 r--p 0000a000 103:05 1184975                   /usr/lib/x86_64-linux-gnu/libsensors.so.5.0.0
7fe073d2c000-7fe073d2d000 r--p 0000e000 103:05 1184975                   /usr/lib/x86_64-linux-gnu/libsensors.so.5.0.0
7fe073d2d000-7fe073d2e000 rw-p 0000f000 103:05 1184975                   /usr/lib/x86_64-linux-gnu/libsensors.so.5.0.0
7fe073d2e000-7fe073d32000 r--p 00000000 103:05 1182005                   /usr/lib/x86_64-linux-gnu/libzstd.so.1.4.4
7fe073d32000-7fe073dc4000 r-xp 00004000 103:05 1182005                   /usr/lib/x86_64-linux-gnu/libzstd.so.1.4.4
7fe073dc4000-7fe073dd5000 r--p 00096000 103:05 1182005                   /usr/lib/x86_64-linux-gnu/libzstd.so.1.4.4
7fe073dd5000-7fe073dd6000 r--p 000a6000 103:05 1182005                   /usr/lib/x86_64-linux-gnu/libzstd.so.1.4.4
7fe073dd6000-7fe073dd7000 rw-p 000a7000 103:05 1182005                   /usr/lib/x86_64-linux-gnu/libzstd.so.1.4.4
7fe073dd7000-7fe073f6d000 r--p 00000000 103:05 1708295                   /usr/lib/x86_64-linux-gnu/dri/iris_dri.so
7fe073f6d000-7fe075018000 r-xp 00196000 103:05 1708295                   /usr/lib/x86_64-linux-gnu/dri/iris_dri.so
7fe075018000-7fe0754de000 r--p 01241000 103:05 1708295                   /usr/lib/x86_64-linux-gnu/dri/iris_dri.so
7fe0754de000-7fe07560c000 r--p 01706000 103:05 1708295                   /usr/lib/x86_64-linux-gnu/dri/iris_dri.so
7fe07560c000-7fe075744000 rw-p 01834000 103:05 1708295                   /usr/lib/x86_64-linux-gnu/dri/iris_dri.so
7fe075744000-7fe075962000 rw-p 00000000 00:00 0 
7fe075962000-7fe075965000 r--p 00000000 103:05 1189070                   /usr/lib/x86_64-linux-gnu/libxcb-xfixes.so.0.0.0
7fe075965000-7fe075968000 r-xp 00003000 103:05 1189070                   /usr/lib/x86_64-linux-gnu/libxcb-xfixes.so.0.0.0
7fe075968000-7fe075969000 r--p 00006000 103:05 1189070                   /usr/lib/x86_64-linux-gnu/libxcb-xfixes.so.0.0.0
7fe075969000-7fe07596a000 ---p 00007000 103:05 1189070                   /usr/lib/x86_64-linux-gnu/libxcb-xfixes.so.0.0.0
7fe07596a000-7fe07596b000 r--p 00007000 103:05 1189070                   /usr/lib/x86_64-linux-gnu/libxcb-xfixes.so.0.0.0
7fe07596b000-7fe07596c000 rw-p 00008000 103:05 1189070                   /usr/lib/x86_64-linux-gnu/libxcb-xfixes.so.0.0.0
7fe07596c000-7fe07596d000 r-xp 00000000 103:05 1189094                   /usr/lib/x86_64-linux-gnu/libxshmfence.so.1.0.0
7fe07596d000-7fe075b6c000 ---p 00001000 103:05 1189094                   /usr/lib/x86_64-linux-gnu/libxshmfence.so.1.0.0
7fe075b6c000-7fe075b6d000 r--p 00000000 103:05 1189094                   /usr/lib/x86_64-linux-gnu/libxshmfence.so.1.0.0
7fe075b6d000-7fe075b6e000 rw-p 00001000 103:05 1189094                   /usr/lib/x86_64-linux-gnu/libxshmfence.so.1.0.0
7fe075b6e000-7fe075b71000 r--p 00000000 103:05 1189066                   /usr/lib/x86_64-linux-gnu/libxcb-sync.so.1.0.0
7fe075b71000-7fe075b74000 r-xp 00003000 103:05 1189066                   /usr/lib/x86_64-linux-gnu/libxcb-sync.so.1.0.0
7fe075b74000-7fe075b75000 r--p 00006000 103:05 1189066                   /usr/lib/x86_64-linux-gnu/libxcb-sync.so.1.0.0
7fe075b75000-7fe075b76000 ---p 00007000 103:05 1189066                   /usr/lib/x86_64-linux-gnu/libxcb-sync.so.1.0.0
7fe075b76000-7fe075b77000 r--p 00007000 103:05 1189066                   /usr/lib/x86_64-linux-gnu/libxcb-sync.so.1.0.0
7fe075b77000-7fe075b78000 rw-p 00008000 103:05 1189066                   /usr/lib/x86_64-linux-gnu/libxcb-sync.so.1.0.0
7fe075b78000-7fe075b79000 r--p 00000000 103:05 1189052                   /usr/lib/x86_64-linux-gnu/libxcb-present.so.0.0.0
7fe075b79000-7fe075b7a000 r-xp 00001000 103:05 1189052                   /usr/lib/x86_64-linux-gnu/libxcb-present.so.0.0.0
7fe075b7a000-7fe075b7b000 r--p 00002000 103:05 1189052                   /usr/lib/x86_64-linux-gnu/libxcb-present.so.0.0.0
7fe075b7b000-7fe075b7c000 r--p 00002000 103:05 1189052                   /usr/lib/x86_64-linux-gnu/libxcb-present.so.0.0.0
7fe075b7c000-7fe075b7d000 rw-p 00003000 103:05 1189052                   /usr/lib/x86_64-linux-gnu/libxcb-present.so.0.0.0
7fe075b7d000-7fe075b7f000 r--p 00000000 103:05 1189042                   /usr/lib/x86_64-linux-gnu/libxcb-dri3.so.0.0.0
7fe075b7f000-7fe075b80000 r-xp 00002000 103:05 1189042                   /usr/lib/x86_64-linux-gnu/libxcb-dri3.so.0.0.0
7fe075b80000-7fe075b81000 r--p 00003000 103:05 1189042                   /usr/lib/x86_64-linux-gnu/libxcb-dri3.so.0.0.0
7fe075b81000-7fe075b82000 r--p 00003000 103:05 1189042                   /usr/lib/x86_64-linux-gnu/libxcb-dri3.so.0.0.0
7fe075b82000-7fe075b83000 rw-p 00004000 103:05 1189042                   /usr/lib/x86_64-linux-gnu/libxcb-dri3.so.0.0.0
7fe075b83000-7fe075b87000 r--p 00000000 103:05 1182015                   /usr/lib/x86_64-linux-gnu/libexpat.so.1.6.11
7fe075b87000-7fe075ba3000 r-xp 00004000 103:05 1182015                   /usr/lib/x86_64-linux-gnu/libexpat.so.1.6.11
7fe075ba3000-7fe075bad000 r--p 00020000 103:05 1182015                   /usr/lib/x86_64-linux-gnu/libexpat.so.1.6.11
7fe075bad000-7fe075bae000 ---p 0002a000 103:05 1182015                   /usr/lib/x86_64-linux-gnu/libexpat.so.1.6.11
7fe075bae000-7fe075bb0000 r--p 0002a000 103:05 1182015                   /usr/lib/x86_64-linux-gnu/libexpat.so.1.6.11
7fe075bb0000-7fe075bb1000 rw-p 0002c000 103:05 1182015                   /usr/lib/x86_64-linux-gnu/libexpat.so.1.6.11
7fe075bb1000-7fe075bbc000 r--p 00000000 103:05 1189044                   /usr/lib/x86_64-linux-gnu/libxcb-glx.so.0.0.0
7fe075bbc000-7fe075bc5000 r-xp 0000b000 103:05 1189044                   /usr/lib/x86_64-linux-gnu/libxcb-glx.so.0.0.0
7fe075bc5000-7fe075bca000 r--p 00014000 103:05 1189044                   /usr/lib/x86_64-linux-gnu/libxcb-glx.so.0.0.0
7fe075bca000-7fe075bcb000 ---p 00019000 103:05 1189044                   /usr/lib/x86_64-linux-gnu/libxcb-glx.so.0.0.0
7fe075bcb000-7fe075bcd000 r--p 00019000 103:05 1189044                   /usr/lib/x86_64-linux-gnu/libxcb-glx.so.0.0.0
7fe075bcd000-7fe075bce000 rw-p 0001b000 103:05 1189044                   /usr/lib/x86_64-linux-gnu/libxcb-glx.so.0.0.0
7fe075bce000-7fe075bd3000 r--p 00000000 103:05 1181739                   /usr/lib/x86_64-linux-gnu/libdrm.so.2.4.0
7fe075bd3000-7fe075bde000 r-xp 00005000 103:05 1181739                   /usr/lib/x86_64-linux-gnu/libdrm.so.2.4.0
7fe075bde000-7fe075be2000 r--p 00010000 103:05 1181739                   /usr/lib/x86_64-linux-gnu/libdrm.so.2.4.0
7fe075be2000-7fe075be3000 r--p 00013000 103:05 1181739                   /usr/lib/x86_64-linux-gnu/libdrm.so.2.4.0
7fe075be3000-7fe075be4000 rw-p 00014000 103:05 1181739                   /usr/lib/x86_64-linux-gnu/libdrm.so.2.4.0
7fe075be4000-7fe075bf1000 r--p 00000000 103:05 1179852                   /usr/lib/x86_64-linux-gnu/libglapi.so.0.0.0
7fe075bf1000-7fe075bff000 r-xp 0000d000 103:05 1179852                   /usr/lib/x86_64-linux-gnu/libglapi.so.0.0.0
7fe075bff000-7fe075c18000 r--p 0001b000 103:05 1179852                   /usr/lib/x86_64-linux-gnu/libglapi.so.0.0.0
7fe075c18000-7fe075c19000 ---p 00034000 103:05 1179852                   /usr/lib/x86_64-linux-gnu/libglapi.so.0.0.0
7fe075c19000-7fe075c1d000 r--p 00034000 103:05 1179852                   /usr/lib/x86_64-linux-gnu/libglapi.so.0.0.0
7fe075c1d000-7fe075c1e000 rw-p 00038000 103:05 1179852                   /usr/lib/x86_64-linux-gnu/libglapi.so.0.0.0
7fe075c1e000-7fe075c1f000 rw-p 00000000 00:00 0 
7fe075c1f000-7fe075c38000 r--p 00000000 103:05 1179666                   /usr/lib/x86_64-linux-gnu/libGLX_mesa.so.0.0.0
7fe075c38000-7fe075c7c000 r-xp 00019000 103:05 1179666                   /usr/lib/x86_64-linux-gnu/libGLX_mesa.so.0.0.0
7fe075c7c000-7fe075c93000 r--p 0005d000 103:05 1179666                   /usr/lib/x86_64-linux-gnu/libGLX_mesa.so.0.0.0
7fe075c93000-7fe075c96000 r--p 00073000 103:05 1179666                   /usr/lib/x86_64-linux-gnu/libGLX_mesa.so.0.0.0
7fe075c96000-7fe075c97000 rw-p 00076000 103:05 1179666                   /usr/lib/x86_64-linux-gnu/libGLX_mesa.so.0.0.0
7fe075c97000-7fe075c98000 rw-p 00000000 00:00 0 
7fe075c98000-7fe075cd8000 r--p 00000000 103:05 1184989                   /usr/lib/x86_64-linux-gnu/libGLdispatch.so.0.0.0
7fe075cd8000-7fe075d17000 r-xp 00040000 103:05 1184989                   /usr/lib/x86_64-linux-gnu/libGLdispatch.so.0.0.0
7fe075d17000-7fe075d2b000 r--p 0007f000 103:05 1184989                   /usr/lib/x86_64-linux-gnu/libGLdispatch.so.0.0.0
7fe075d2b000-7fe075d47000 r--p 00092000 103:05 1184989                   /usr/lib/x86_64-linux-gnu/libGLdispatch.so.0.0.0
7fe075d47000-7fe075d48000 rw-p 000ae000 103:05 1184989                   /usr/lib/x86_64-linux-gnu/libGLdispatch.so.0.0.0
7fe075d48000-7fe075d50000 rw-p 00000000 00:00 0 
7fe075d50000-7fe075d53000 r--p 00000000 103:05 1184983                   /usr/lib/x86_64-linux-gnu/libGLX.so.0.0.0
7fe075d53000-7fe075d6e000 r-xp 00003000 103:05 1184983                   /usr/lib/x86_64-linux-gnu/libGLX.so.0.0.0
7fe075d6e000-7fe075d72000 r--p 0001e000 103:05 1184983                   /usr/lib/x86_64-linux-gnu/libGLX.so.0.0.0
7fe075d72000-7fe075d73000 r--p 00021000 103:05 1184983                   /usr/lib/x86_64-linux-gnu/libGLX.so.0.0.0
7fe075d73000-7fe075d74000 rw-p 00022000 103:05 1184983                   /usr/lib/x86_64-linux-gnu/libGLX.so.0.0.0
7fe075d74000-7fe075d84000 rw-p 00000000 00:00 0 
7fe075d85000-7fe075d89000 rw-s 111d9d000 00:0e 13531                     anon_inode:i915.gem
7fe075d89000-7fe075d99000 rw-s 1042f4000 00:0e 13531                     anon_inode:i915.gem
7fe075d99000-7fe075d9a000 ---p 00000000 00:00 0 
7fe075d9a000-7fe07659a000 rw-p 00000000 00:00 0 
7fe07659a000-7fe07659b000 ---p 00000000 00:00 0 
7fe07659b000-7fe076d9b000 rw-p 00000000 00:00 0 
7fe076d9b000-7fe076d9f000 r--p 00000000 103:05 1188152                   /usr/lib/x86_64-linux-gnu/libgpg-error.so.0.28.0
7fe076d9f000-7fe076db2000 r-xp 00004000 103:05 1188152                   /usr/lib/x86_64-linux-gnu/libgpg-error.so.0.28.0
7fe076db2000-7fe076dbc000 r--p 00017000 103:05 1188152                   /usr/lib/x86_64-linux-gnu/libgpg-error.so.0.28.0
7fe076dbc000-7fe076dbd000 r--p 00020000 103:05 1188152                   /usr/lib/x86_64-linux-gnu/libgpg-error.so.0.28.0
7fe076dbd000-7fe076dbe000 rw-p 00021000 103:05 1188152                   /usr/lib/x86_64-linux-gnu/libgpg-error.so.0.28.0
7fe076dbe000-7fe076dc2000 r--p 00000000 103:05 1181832                   /usr/lib/x86_64-linux-gnu/libresolv-2.31.so
7fe076dc2000-7fe076dd2000 r-xp 00004000 103:05 1181832                   /usr/lib/x86_64-linux-gnu/libresolv-2.31.so
7fe076dd2000-7fe076dd6000 r--p 00014000 103:05 1181832                   /usr/lib/x86_64-linux-gnu/libresolv-2.31.so
7fe076dd6000-7fe076dd7000 r--p 00017000 103:05 1181832                   /usr/lib/x86_64-linux-gnu/libresolv-2.31.so
7fe076dd7000-7fe076dd8000 rw-p 00018000 103:05 1181832                   /usr/lib/x86_64-linux-gnu/libresolv-2.31.so
7fe076dd8000-7fe076dda000 rw-p 00000000 00:00 0 
7fe076dda000-7fe076dee000 r--p 00000000 103:05 1188976                   /usr/lib/x86_64-linux-gnu/libvorbisenc.so.2.0.11
7fe076dee000-7fe076df1000 r-xp 00014000 103:05 1188976                   /usr/lib/x86_64-linux-gnu/libvorbisenc.so.2.0.11
7fe076df1000-7fe076e68000 r--p 00017000 103:05 1188976                   /usr/lib/x86_64-linux-gnu/libvorbisenc.so.2.0.11
7fe076e68000-7fe076e84000 r--p 0008d000 103:05 1188976                   /usr/lib/x86_64-linux-gnu/libvorbisenc.so.2.0.11
7fe076e84000-7fe076e85000 rw-p 000a9000 103:05 1188976                   /usr/lib/x86_64-linux-gnu/libvorbisenc.so.2.0.11
7fe076e85000-7fe076e88000 r--p 00000000 103:05 1188974                   /usr/lib/x86_64-linux-gnu/libvorbis.so.0.4.8
7fe076e88000-7fe076e9f000 r-xp 00003000 103:05 1188974                   /usr/lib/x86_64-linux-gnu/libvorbis.so.0.4.8
7fe076e9f000-7fe076eb0000 r--p 0001a000 103:05 1188974                   /usr/lib/x86_64-linux-gnu/libvorbis.so.0.4.8
7fe076eb0000-7fe076eb1000 ---p 0002b000 103:05 1188974                   /usr/lib/x86_64-linux-gnu/libvorbis.so.0.4.8
7fe076eb1000-7fe076eb2000 r--p 0002b000 103:05 1188974                   /usr/lib/x86_64-linux-gnu/libvorbis.so.0.4.8
7fe076eb2000-7fe076eb3000 rw-p 0002c000 103:05 1188974                   /usr/lib/x86_64-linux-gnu/libvorbis.so.0.4.8
7fe076eb3000-7fe076eb5000 r--p 00000000 103:05 1188563                   /usr/lib/x86_64-linux-gnu/libogg.so.0.8.4
7fe076eb5000-7fe076eba000 r-xp 00002000 103:05 1188563                   /usr/lib/x86_64-linux-gnu/libogg.so.0.8.4
7fe076eba000-7fe076ebd000 r--p 00007000 103:05 1188563                   /usr/lib/x86_64-linux-gnu/libogg.so.0.8.4
7fe076ebd000-7fe076ebe000 ---p 0000a000 103:05 1188563                   /usr/lib/x86_64-linux-gnu/libogg.so.0.8.4
7fe076ebe000-7fe076ebf000 r--p 0000a000 103:05 1188563                   /usr/lib/x86_64-linux-gnu/libogg.so.0.8.4
7fe076ebf000-7fe076ec0000 rw-p 0000b000 103:05 1188563                   /usr/lib/x86_64-linux-gnu/libogg.so.0.8.4
7fe076ec0000-7fe076ec8000 r--p 00000000 103:05 1180465                   /usr/lib/x86_64-linux-gnu/libFLAC.so.8.3.0
7fe076ec8000-7fe076ef1000 r-xp 00008000 103:05 1180465                   /usr/lib/x86_64-linux-gnu/libFLAC.so.8.3.0
7fe076ef1000-7fe076efb000 r--p 00031000 103:05 1180465                   /usr/lib/x86_64-linux-gnu/libFLAC.so.8.3.0
7fe076efb000-7fe076efc000 ---p 0003b000 103:05 1180465                   /usr/lib/x86_64-linux-gnu/libFLAC.so.8.3.0
7fe076efc000-7fe076efd000 r--p 0003b000 103:05 1180465                   /usr/lib/x86_64-linux-gnu/libFLAC.so.8.3.0
7fe076efd000-7fe076efe000 rw-p 0003c000 103:05 1180465                   /usr/lib/x86_64-linux-gnu/libFLAC.so.8.3.0
7fe076efe000-7fe076f02000 r--p 00000000 103:05 1181821                   /usr/lib/x86_64-linux-gnu/libnsl-2.31.so
7fe076f02000-7fe076f12000 r-xp 00004000 103:05 1181821                   /usr/lib/x86_64-linux-gnu/libnsl-2.31.so
7fe076f12000-7fe076f17000 r--p 00014000 103:05 1181821                   /usr/lib/x86_64-linux-gnu/libnsl-2.31.so
7fe076f17000-7fe076f18000 r--p 00018000 103:05 1181821                   /usr/lib/x86_64-linux-gnu/libnsl-2.31.so
7fe076f18000-7fe076f19000 rw-p 00019000 103:05 1181821                   /usr/lib/x86_64-linux-gnu/libnsl-2.31.so
7fe076f19000-7fe076f1b000 rw-p 00000000 00:00 0 
7fe076f1b000-7fe076f27000 r--p 00000000 103:05 1180037                   /usr/lib/x86_64-linux-gnu/libgcrypt.so.20.2.5
7fe076f27000-7fe076ff5000 r-xp 0000c000 103:05 1180037                   /usr/lib/x86_64-linux-gnu/libgcrypt.so.20.2.5
7fe076ff5000-7fe077032000 r--p 000da000 103:05 1180037                   /usr/lib/x86_64-linux-gnu/libgcrypt.so.20.2.5
7fe077032000-7fe077034000 r--p 00116000 103:05 1180037                   /usr/lib/x86_64-linux-gnu/libgcrypt.so.20.2.5
7fe077034000-7fe077039000 rw-p 00118000 103:05 1180037                   /usr/lib/x86_64-linux-gnu/libgcrypt.so.20.2.5
7fe077039000-7fe07703b000 r--p 00000000 103:05 1180273                   /usr/lib/x86_64-linux-gnu/liblz4.so.1.9.2
7fe07703b000-7fe077055000 r-xp 00002000 103:05 1180273                   /usr/lib/x86_64-linux-gnu/liblz4.so.1.9.2
7fe077055000-7fe077058000 r--p 0001c000 103:05 1180273                   /usr/lib/x86_64-linux-gnu/liblz4.so.1.9.2
7fe077058000-7fe077059000 r--p 0001e000 103:05 1180273                   /usr/lib/x86_64-linux-gnu/liblz4.so.1.9.2
7fe077059000-7fe07705a000 rw-p 0001f000 103:05 1180273                   /usr/lib/x86_64-linux-gnu/liblz4.so.1.9.2
7fe07705a000-7fe07705d000 r--p 00000000 103:05 1180302                   /usr/lib/x86_64-linux-gnu/liblzma.so.5.2.4
7fe07705d000-7fe077075000 r-xp 00003000 103:05 1180302                   /usr/lib/x86_64-linux-gnu/liblzma.so.5.2.4
7fe077075000-7fe077080000 r--p 0001b000 103:05 1180302                   /usr/lib/x86_64-linux-gnu/liblzma.so.5.2.4
7fe077080000-7fe077081000 ---p 00026000 103:05 1180302                   /usr/lib/x86_64-linux-gnu/liblzma.so.5.2.4
7fe077081000-7fe077082000 r--p 00026000 103:05 1180302                   /usr/lib/x86_64-linux-gnu/liblzma.so.5.2.4
7fe077082000-7fe077083000 rw-p 00027000 103:05 1180302                   /usr/lib/x86_64-linux-gnu/liblzma.so.5.2.4
7fe077083000-7fe077086000 r--p 00000000 103:05 1182013                   /usr/lib/x86_64-linux-gnu/libapparmor.so.1.6.1
7fe077086000-7fe07708f000 r-xp 00003000 103:05 1182013                   /usr/lib/x86_64-linux-gnu/libapparmor.so.1.6.1
7fe07708f000-7fe077096000 r--p 0000c000 103:05 1182013                   /usr/lib/x86_64-linux-gnu/libapparmor.so.1.6.1
7fe077096000-7fe077097000 r--p 00012000 103:05 1182013                   /usr/lib/x86_64-linux-gnu/libapparmor.so.1.6.1
7fe077097000-7fe077098000 rw-p 00013000 103:05 1182013                   /usr/lib/x86_64-linux-gnu/libapparmor.so.1.6.1
7fe077098000-7fe07709d000 r-xp 00000000 103:05 1187691                   /usr/lib/x86_64-linux-gnu/libasyncns.so.0.3.1
7fe07709d000-7fe07729c000 ---p 00005000 103:05 1187691                   /usr/lib/x86_64-linux-gnu/libasyncns.so.0.3.1
7fe07729c000-7fe07729d000 r--p 00004000 103:05 1187691                   /usr/lib/x86_64-linux-gnu/libasyncns.so.0.3.1
7fe07729d000-7fe07729e000 rw-p 00005000 103:05 1187691                   /usr/lib/x86_64-linux-gnu/libasyncns.so.0.3.1
7fe07729e000-7fe0772a5000 r--p 00000000 103:05 1181355                   /usr/lib/x86_64-linux-gnu/libsndfile.so.1.0.28
7fe0772a5000-7fe0772f9000 r-xp 00007000 103:05 1181355                   /usr/lib/x86_64-linux-gnu/libsndfile.so.1.0.28
7fe0772f9000-7fe077317000 r--p 0005b000 103:05 1181355                   /usr/lib/x86_64-linux-gnu/libsndfile.so.1.0.28
7fe077317000-7fe07731a000 r--p 00078000 103:05 1181355                   /usr/lib/x86_64-linux-gnu/libsndfile.so.1.0.28
7fe07731a000-7fe07731b000 rw-p 0007b000 103:05 1181355                   /usr/lib/x86_64-linux-gnu/libsndfile.so.1.0.28
7fe07731b000-7fe07731d000 rw-p 00000000 00:00 0 
7fe07731d000-7fe077320000 r--p 00000000 103:05 1189036                   /usr/lib/x86_64-linux-gnu/libwrap.so.0.7.6
7fe077320000-7fe077325000 r-xp 00003000 103:05 1189036                   /usr/lib/x86_64-linux-gnu/libwrap.so.0.7.6
7fe077325000-7fe077327000 r--p 00008000 103:05 1189036                   /usr/lib/x86_64-linux-gnu/libwrap.so.0.7.6
7fe077327000-7fe077328000 r--p 00009000 103:05 1189036                   /usr/lib/x86_64-linux-gnu/libwrap.so.0.7.6
7fe077328000-7fe077329000 rw-p 0000a000 103:05 1189036                   /usr/lib/x86_64-linux-gnu/libwrap.so.0.7.6
7fe077329000-7fe077339000 r--p 00000000 103:05 1179756                   /usr/lib/x86_64-linux-gnu/libsystemd.so.0.28.0
7fe077339000-7fe0773ae000 r-xp 00010000 103:05 1179756                   /usr/lib/x86_64-linux-gnu/libsystemd.so.0.28.0
7fe0773ae000-7fe0773d3000 r--p 00085000 103:05 1179756                   /usr/lib/x86_64-linux-gnu/libsystemd.so.0.28.0
7fe0773d3000-7fe0773d6000 r--p 000a9000 103:05 1179756                   /usr/lib/x86_64-linux-gnu/libsystemd.so.0.28.0
7fe0773d6000-7fe0773d7000 rw-p 000ac000 103:05 1179756                   /usr/lib/x86_64-linux-gnu/libsystemd.so.0.28.0
7fe0773d7000-7fe0773d8000 rw-p 00000000 00:00 0 
7fe0773d8000-7fe0773e3000 r--p 00000000 103:05 1179858                   /usr/lib/x86_64-linux-gnu/libdbus-1.so.3.19.11
7fe0773e3000-7fe077411000 r-xp 0000b000 103:05 1179858                   /usr/lib/x86_64-linux-gnu/libdbus-1.so.3.19.11
7fe077411000-7fe077426000 r--p 00039000 103:05 1179858                   /usr/lib/x86_64-linux-gnu/libdbus-1.so.3.19.11
7fe077426000-7fe077427000 ---p 0004e000 103:05 1179858                   /usr/lib/x86_64-linux-gnu/libdbus-1.so.3.19.11
7fe077427000-7fe077428000 r--p 0004e000 103:05 1179858                   /usr/lib/x86_64-linux-gnu/libdbus-1.so.3.19.11
7fe077428000-7fe077429000 rw-p 0004f000 103:05 1179858                   /usr/lib/x86_64-linux-gnu/libdbus-1.so.3.19.11
7fe077429000-7fe07743a000 r--p 00000000 103:05 1706455                   /usr/lib/x86_64-linux-gnu/pulseaudio/libpulsecommon-13.99.so
7fe07743a000-7fe077482000 r-xp 00011000 103:05 1706455                   /usr/lib/x86_64-linux-gnu/pulseaudio/libpulsecommon-13.99.so
7fe077482000-7fe0774a7000 r--p 00059000 103:05 1706455                   /usr/lib/x86_64-linux-gnu/pulseaudio/libpulsecommon-13.99.so
7fe0774a7000-7fe0774a8000 ---p 0007e000 103:05 1706455                   /usr/lib/x86_64-linux-gnu/pulseaudio/libpulsecommon-13.99.so
7fe0774a8000-7fe0774aa000 r--p 0007e000 103:05 1706455                   /usr/lib/x86_64-linux-gnu/pulseaudio/libpulsecommon-13.99.so
7fe0774aa000-7fe0774ab000 rw-p 00080000 103:05 1706455                   /usr/lib/x86_64-linux-gnu/pulseaudio/libpulsecommon-13.99.so
7fe0774ab000-7fe0774b7000 r--p 00000000 103:05 1179765                   /usr/lib/x86_64-linux-gnu/libpulse.so.0.21.2
7fe0774b7000-7fe0774e7000 r-xp 0000c000 103:05 1179765                   /usr/lib/x86_64-linux-gnu/libpulse.so.0.21.2
7fe0774e7000-7fe0774fd000 r--p 0003c000 103:05 1179765                   /usr/lib/x86_64-linux-gnu/libpulse.so.0.21.2
7fe0774fd000-7fe0774ff000 r--p 00051000 103:05 1179765                   /usr/lib/x86_64-linux-gnu/libpulse.so.0.21.2
7fe0774ff000-7fe077500000 rw-p 00053000 103:05 1179765                   /usr/lib/x86_64-linux-gnu/libpulse.so.0.21.2
7fe077500000-7fe077513000 r--p 00000000 103:05 1048757                   /tmp/lwjgl_cillian/3.3.3+5/x64/libopenal.so
7fe077513000-7fe0775b3000 r-xp 00013000 103:05 1048757                   /tmp/lwjgl_cillian/3.3.3+5/x64/libopenal.so
7fe0775b3000-7fe077615000 r--p 000b3000 103:05 1048757                   /tmp/lwjgl_cillian/3.3.3+5/x64/libopenal.so
7fe077615000-7fe077616000 ---p 00115000 103:05 1048757                   /tmp/lwjgl_cillian/3.3.3+5/x64/libopenal.so
7fe077616000-7fe07761b000 r--p 00115000 103:05 1048757                   /tmp/lwjgl_cillian/3.3.3+5/x64/libopenal.so
7fe07761b000-7fe07761c000 rw-p 0011a000 103:05 1048757                   /tmp/lwjgl_cillian/3.3.3+5/x64/libopenal.so
7fe07761c000-7fe077697000 rw-p 00000000 00:00 0 
7fe077697000-7fe077699000 r--p 00000000 103:05 1187618                   /usr/lib/x86_64-linux-gnu/libXfixes.so.3.1.0
7fe077699000-7fe07769c000 r-xp 00002000 103:05 1187618                   /usr/lib/x86_64-linux-gnu/libXfixes.so.3.1.0
7fe07769c000-7fe07769d000 r--p 00005000 103:05 1187618                   /usr/lib/x86_64-linux-gnu/libXfixes.so.3.1.0
7fe07769d000-7fe07769e000 r--p 00005000 103:05 1187618                   /usr/lib/x86_64-linux-gnu/libXfixes.so.3.1.0
7fe07769e000-7fe07769f000 rw-p 00006000 103:05 1187618                   /usr/lib/x86_64-linux-gnu/libXfixes.so.3.1.0
7fe07769f000-7fe0776a2000 r--p 00000000 103:05 1187610                   /usr/lib/x86_64-linux-gnu/libXcursor.so.1.0.2
7fe0776a2000-7fe0776a8000 r-xp 00003000 103:05 1187610                   /usr/lib/x86_64-linux-gnu/libXcursor.so.1.0.2
7fe0776a8000-7fe0776aa000 r--p 00009000 103:05 1187610                   /usr/lib/x86_64-linux-gnu/libXcursor.so.1.0.2
7fe0776aa000-7fe0776ab000 r--p 0000a000 103:05 1187610                   /usr/lib/x86_64-linux-gnu/libXcursor.so.1.0.2
7fe0776ab000-7fe0776ac000 rw-p 0000b000 103:05 1187610                   /usr/lib/x86_64-linux-gnu/libXcursor.so.1.0.2
7fe0776ac000-7fe0776b5000 r-xp 00000000 103:05 1187636                   /usr/lib/x86_64-linux-gnu/libXrender.so.1.3.0
7fe0776b5000-7fe0778b4000 ---p 00009000 103:05 1187636                   /usr/lib/x86_64-linux-gnu/libXrender.so.1.3.0
7fe0778b4000-7fe0778b5000 r--p 00008000 103:05 1187636                   /usr/lib/x86_64-linux-gnu/libXrender.so.1.3.0
7fe0778b5000-7fe0778b6000 rw-p 00009000 103:05 1187636                   /usr/lib/x86_64-linux-gnu/libXrender.so.1.3.0
7fe0778b6000-7fe0778b8000 r--p 00000000 103:05 1187634                   /usr/lib/x86_64-linux-gnu/libXrandr.so.2.2.0
7fe0778b8000-7fe0778bf000 r-xp 00002000 103:05 1187634                   /usr/lib/x86_64-linux-gnu/libXrandr.so.2.2.0
7fe0778bf000-7fe0778c1000 r--p 00009000 103:05 1187634                   /usr/lib/x86_64-linux-gnu/libXrandr.so.2.2.0
7fe0778c1000-7fe0778c2000 r--p 0000a000 103:05 1187634                   /usr/lib/x86_64-linux-gnu/libXrandr.so.2.2.0
7fe0778c2000-7fe0778c3000 rw-p 0000b000 103:05 1187634                   /usr/lib/x86_64-linux-gnu/libXrandr.so.2.2.0
7fe0778c3000-7fe0778db000 r--p 00000000 103:05 1182009                   /usr/lib/x86_64-linux-gnu/libX11.so.6.3.0
7fe0778db000-7fe077966000 r-xp 00018000 103:05 1182009                   /usr/lib/x86_64-linux-gnu/libX11.so.6.3.0
7fe077966000-7fe0779fa000 r--p 000a3000 103:05 1182009                   /usr/lib/x86_64-linux-gnu/libX11.so.6.3.0
7fe0779fa000-7fe0779fb000 ---p 00137000 103:05 1182009                   /usr/lib/x86_64-linux-gnu/libX11.so.6.3.0
7fe0779fb000-7fe0779fc000 r--p 00137000 103:05 1182009                   /usr/lib/x86_64-linux-gnu/libX11.so.6.3.0
7fe0779fc000-7fe077a00000 rw-p 00138000 103:05 1182009                   /usr/lib/x86_64-linux-gnu/libX11.so.6.3.0
7fe077a00000-7fe078021000 rw-p 00000000 00:00 0 
7fe078021000-7fe07c000000 ---p 00000000 00:00 0 
7fe07c000000-7fe07c3a6000 rw-p 00000000 00:00 0 
7fe07c3a6000-7fe080000000 ---p 00000000 00:00 0 
7fe080000000-7fe080021000 rw-p 00000000 00:00 0 
7fe080021000-7fe084000000 ---p 00000000 00:00 0 
7fe084000000-7fe084021000 rw-p 00000000 00:00 0 
7fe084021000-7fe088000000 ---p 00000000 00:00 0 
7fe088000000-7fe088691000 rw-p 00000000 00:00 0 
7fe088691000-7fe08c000000 ---p 00000000 00:00 0 
7fe08c000000-7fe08c333000 rw-p 00000000 00:00 0 
7fe08c333000-7fe090000000 ---p 00000000 00:00 0 
7fe090000000-7fe090021000 rw-p 00000000 00:00 0 
7fe090021000-7fe094000000 ---p 00000000 00:00 0 
7fe094000000-7fe094021000 rw-p 00000000 00:00 0 
7fe094021000-7fe098000000 ---p 00000000 00:00 0 
7fe098000000-7fe098021000 rw-p 00000000 00:00 0 
7fe098021000-7fe09c000000 ---p 00000000 00:00 0 
7fe09c000000-7fe09c021000 rw-p 00000000 00:00 0 
7fe09c021000-7fe0a0000000 ---p 00000000 00:00 0 
7fe0a0000000-7fe0a0021000 rw-p 00000000 00:00 0 
7fe0a0021000-7fe0a4000000 ---p 00000000 00:00 0 
7fe0a4000000-7fe0a4021000 rw-p 00000000 00:00 0 
7fe0a4021000-7fe0a8000000 ---p 00000000 00:00 0 
7fe0a8000000-7fe0a8021000 rw-p 00000000 00:00 0 
7fe0a8021000-7fe0ac000000 ---p 00000000 00:00 0 
7fe0ac000000-7fe0ac021000 rw-p 00000000 00:00 0 
7fe0ac021000-7fe0b0000000 ---p 00000000 00:00 0 
7fe0b0002000-7fe0b0004000 r--p 00000000 103:05 1187624                   /usr/lib/x86_64-linux-gnu/libXi.so.6.1.0
7fe0b0004000-7fe0b000f000 r-xp 00002000 103:05 1187624                   /usr/lib/x86_64-linux-gnu/libXi.so.6.1.0
7fe0b000f000-7fe0b0012000 r--p 0000d000 103:05 1187624                   /usr/lib/x86_64-linux-gnu/libXi.so.6.1.0
7fe0b0012000-7fe0b0013000 r--p 0000f000 103:05 1187624                   /usr/lib/x86_64-linux-gnu/libXi.so.6.1.0
7fe0b0013000-7fe0b0014000 rw-p 00010000 103:05 1187624                   /usr/lib/x86_64-linux-gnu/libXi.so.6.1.0
7fe0b0014000-7fe0b0018000 r--p 00000000 103:05 1187616                   /usr/lib/x86_64-linux-gnu/libXext.so.6.4.0
7fe0b0018000-7fe0b0023000 r-xp 00004000 103:05 1187616                   /usr/lib/x86_64-linux-gnu/libXext.so.6.4.0
7fe0b0023000-7fe0b0027000 r--p 0000f000 103:05 1187616                   /usr/lib/x86_64-linux-gnu/libXext.so.6.4.0
7fe0b0027000-7fe0b0028000 r--p 00012000 103:05 1187616                   /usr/lib/x86_64-linux-gnu/libXext.so.6.4.0
7fe0b0028000-7fe0b0029000 rw-p 00013000 103:05 1187616                   /usr/lib/x86_64-linux-gnu/libXext.so.6.4.0
7fe0b0029000-7fe0b002a000 r--p 00000000 103:05 1187652                   /usr/lib/x86_64-linux-gnu/libXxf86vm.so.1.0.0
7fe0b002a000-7fe0b002d000 r-xp 00001000 103:05 1187652                   /usr/lib/x86_64-linux-gnu/libXxf86vm.so.1.0.0
7fe0b002d000-7fe0b002e000 r--p 00004000 103:05 1187652                   /usr/lib/x86_64-linux-gnu/libXxf86vm.so.1.0.0
7fe0b002e000-7fe0b002f000 r--p 00004000 103:05 1187652                   /usr/lib/x86_64-linux-gnu/libXxf86vm.so.1.0.0
7fe0b002f000-7fe0b0030000 rw-p 00005000 103:05 1187652                   /usr/lib/x86_64-linux-gnu/libXxf86vm.so.1.0.0
7fe0b0030000-7fe0b003b000 r--p 00000000 103:05 1189076                   /usr/lib/x86_64-linux-gnu/libxcb.so.1.1.0
7fe0b003b000-7fe0b004f000 r-xp 0000b000 103:05 1189076                   /usr/lib/x86_64-linux-gnu/libxcb.so.1.1.0
7fe0b004f000-7fe0b0058000 r--p 0001f000 103:05 1189076                   /usr/lib/x86_64-linux-gnu/libxcb.so.1.1.0
7fe0b0058000-7fe0b0059000 r--p 00027000 103:05 1189076                   /usr/lib/x86_64-linux-gnu/libxcb.so.1.1.0
7fe0b0059000-7fe0b005a000 rw-p 00028000 103:05 1189076                   /usr/lib/x86_64-linux-gnu/libxcb.so.1.1.0
7fe0b005a000-7fe0b0068000 r--p 00000000 103:05 1048756                   /tmp/lwjgl_cillian/3.3.3+5/x64/libglfw.so
7fe0b0068000-7fe0b0087000 r-xp 0000e000 103:05 1048756                   /tmp/lwjgl_cillian/3.3.3+5/x64/libglfw.so
7fe0b0087000-7fe0b00ba000 r--p 0002d000 103:05 1048756                   /tmp/lwjgl_cillian/3.3.3+5/x64/libglfw.so
7fe0b00ba000-7fe0b00bb000 ---p 00060000 103:05 1048756                   /tmp/lwjgl_cillian/3.3.3+5/x64/libglfw.so
7fe0b00bb000-7fe0b00be000 r--p 00060000 103:05 1048756                   /tmp/lwjgl_cillian/3.3.3+5/x64/libglfw.so
7fe0b00be000-7fe0b00c1000 rw-p 00063000 103:05 1048756                   /tmp/lwjgl_cillian/3.3.3+5/x64/libglfw.so
7fe0b00c1000-7fe0b00e4000 rw-p 00000000 00:00 0 
7fe0b00e4000-7fe0b02e4000 rw-p 00000000 00:00 0 
7fe0b02e4000-7fe0b02ec000 r--p 00000000 103:05 1048755                   /tmp/lwjgl_cillian/3.3.3+5/x64/libjemalloc.so
7fe0b02ec000-7fe0b0341000 r-xp 00008000 103:05 1048755                   /tmp/lwjgl_cillian/3.3.3+5/x64/libjemalloc.so
7fe0b0341000-7fe0b0351000 r--p 0005d000 103:05 1048755                   /tmp/lwjgl_cillian/3.3.3+5/x64/libjemalloc.so
7fe0b0351000-7fe0b0352000 ---p 0006d000 103:05 1048755                   /tmp/lwjgl_cillian/3.3.3+5/x64/libjemalloc.so
7fe0b0352000-7fe0b0358000 r--p 0006d000 103:05 1048755                   /tmp/lwjgl_cillian/3.3.3+5/x64/libjemalloc.so
7fe0b0358000-7fe0b0359000 rw-p 00073000 103:05 1048755                   /tmp/lwjgl_cillian/3.3.3+5/x64/libjemalloc.so
7fe0b0359000-7fe0b0563000 rw-p 00000000 00:00 0 
7fe0b0563000-7fe0b0583000 r-xp 00000000 103:05 1048754                   /tmp/libgdxcillian/da3a4817/libgdx64.so
7fe0b0583000-7fe0b0783000 ---p 00020000 103:05 1048754                   /tmp/libgdxcillian/da3a4817/libgdx64.so
7fe0b0783000-7fe0b0784000 r--p 00020000 103:05 1048754                   /tmp/libgdxcillian/da3a4817/libgdx64.so
7fe0b0784000-7fe0b0785000 rw-p 00021000 103:05 1048754                   /tmp/libgdxcillian/da3a4817/libgdx64.so
7fe0b0785000-7fe0b0789000 ---p 00000000 00:00 0 
7fe0b0789000-7fe0b0886000 rw-p 00000000 00:00 0 
7fe0b0886000-7fe0b088a000 ---p 00000000 00:00 0 
7fe0b088a000-7fe0b0987000 rw-p 00000000 00:00 0 
7fe0b0987000-7fe0b0988000 ---p 00000000 00:00 0 
7fe0b0988000-7fe0b0a88000 rw-p 00000000 00:00 0 
7fe0b0a88000-7fe0b0a8c000 ---p 00000000 00:00 0 
7fe0b0a8c000-7fe0b0b89000 rw-p 00000000 00:00 0 
7fe0b0b89000-7fe0b0b8d000 ---p 00000000 00:00 0 
7fe0b0b8d000-7fe0b0c8a000 rw-p 00000000 00:00 0 
7fe0b0c8a000-7fe0b0c8e000 ---p 00000000 00:00 0 
7fe0b0c8e000-7fe0b0d8b000 rw-p 00000000 00:00 0 
7fe0b0d8b000-7fe0b0d8f000 ---p 00000000 00:00 0 
7fe0b0d8f000-7fe0b0e8c000 rw-p 00000000 00:00 0 
7fe0b0e8c000-7fe0b0e90000 ---p 00000000 00:00 0 
7fe0b0e90000-7fe0b0f8d000 rw-p 00000000 00:00 0 
7fe0b0f8d000-7fe0b14fd000 r--p 00000000 103:05 1180113                   /usr/lib/locale/locale-archive
7fe0b14fd000-7fe0b1501000 ---p 00000000 00:00 0 
7fe0b1501000-7fe0b15fe000 rw-p 00000000 00:00 0 
7fe0b15fe000-7fe0b1602000 ---p 00000000 00:00 0 
7fe0b1602000-7fe0b16ff000 rw-p 00000000 00:00 0 
7fe0b16ff000-7fe0b1700000 ---p 00000000 00:00 0 
7fe0b1700000-7fe0b4000000 rw-p 00000000 00:00 0 
7fe0b4000000-7fe0b4021000 rw-p 00000000 00:00 0 
7fe0b4021000-7fe0b8000000 ---p 00000000 00:00 0 
7fe0b8002000-7fe0b8003000 rw-s 00000000 00:01 4588                       /memfd:xshmfence (deleted)
7fe0b8003000-7fe0b8004000 rw-s 00000000 00:01 5607                       /memfd:xshmfence (deleted)
7fe0b8004000-7fe0b8008000 r--p 00000000 103:05 1187770                   /usr/lib/x86_64-linux-gnu/libbsd.so.0.10.0
7fe0b8008000-7fe0b8017000 r-xp 00004000 103:05 1187770                   /usr/lib/x86_64-linux-gnu/libbsd.so.0.10.0
7fe0b8017000-7fe0b801a000 r--p 00013000 103:05 1187770                   /usr/lib/x86_64-linux-gnu/libbsd.so.0.10.0
7fe0b801a000-7fe0b801b000 ---p 00016000 103:05 1187770                   /usr/lib/x86_64-linux-gnu/libbsd.so.0.10.0
7fe0b801b000-7fe0b801c000 r--p 00016000 103:05 1187770                   /usr/lib/x86_64-linux-gnu/libbsd.so.0.10.0
7fe0b801c000-7fe0b801d000 rw-p 00017000 103:05 1187770                   /usr/lib/x86_64-linux-gnu/libbsd.so.0.10.0
7fe0b801d000-7fe0b801e000 rw-p 00000000 00:00 0 
7fe0b801e000-7fe0b8020000 r--p 00000000 103:05 1187614                   /usr/lib/x86_64-linux-gnu/libXdmcp.so.6.0.0
7fe0b8020000-7fe0b8022000 r-xp 00002000 103:05 1187614                   /usr/lib/x86_64-linux-gnu/libXdmcp.so.6.0.0
7fe0b8022000-7fe0b8024000 r--p 00004000 103:05 1187614                   /usr/lib/x86_64-linux-gnu/libXdmcp.so.6.0.0
7fe0b8024000-7fe0b8025000 r--p 00005000 103:05 1187614                   /usr/lib/x86_64-linux-gnu/libXdmcp.so.6.0.0
7fe0b8025000-7fe0b8026000 rw-p 00006000 103:05 1187614                   /usr/lib/x86_64-linux-gnu/libXdmcp.so.6.0.0
7fe0b8026000-7fe0b8027000 rwxp 00000000 00:00 0 
7fe0b8027000-7fe0b8028000 rw-s 1065d5000 00:0e 13531                     anon_inode:i915.gem
7fe0b8028000-7fe0b8029000 r--p 00000000 103:05 1189064                   /usr/lib/x86_64-linux-gnu/libxcb-shm.so.0.0.0
7fe0b8029000-7fe0b802a000 r-xp 00001000 103:05 1189064                   /usr/lib/x86_64-linux-gnu/libxcb-shm.so.0.0.0
7fe0b802a000-7fe0b802b000 r--p 00002000 103:05 1189064                   /usr/lib/x86_64-linux-gnu/libxcb-shm.so.0.0.0
7fe0b802b000-7fe0b802c000 r--p 00002000 103:05 1189064                   /usr/lib/x86_64-linux-gnu/libxcb-shm.so.0.0.0
7fe0b802c000-7fe0b802d000 rw-p 00003000 103:05 1189064                   /usr/lib/x86_64-linux-gnu/libxcb-shm.so.0.0.0
7fe0b802d000-7fe0b802f000 r--p 00000000 103:05 1189040                   /usr/lib/x86_64-linux-gnu/libxcb-dri2.so.0.0.0
7fe0b802f000-7fe0b8031000 r-xp 00002000 103:05 1189040                   /usr/lib/x86_64-linux-gnu/libxcb-dri2.so.0.0.0
7fe0b8031000-7fe0b8032000 r--p 00004000 103:05 1189040                   /usr/lib/x86_64-linux-gnu/libxcb-dri2.so.0.0.0
7fe0b8032000-7fe0b8033000 r--p 00004000 103:05 1189040                   /usr/lib/x86_64-linux-gnu/libxcb-dri2.so.0.0.0
7fe0b8033000-7fe0b8034000 rw-p 00005000 103:05 1189040                   /usr/lib/x86_64-linux-gnu/libxcb-dri2.so.0.0.0
7fe0b8034000-7fe0b803b000 r--s 00000000 103:05 1713419                   /usr/lib/x86_64-linux-gnu/gconv/gconv-modules.cache
7fe0b803b000-7fe0b8064000 r--p 00000000 103:05 1048699                   /tmp/lwjgl_cillian/3.3.3+5/x64/liblwjgl.so
7fe0b8064000-7fe0b8096000 r-xp 00029000 103:05 1048699                   /tmp/lwjgl_cillian/3.3.3+5/x64/liblwjgl.so
7fe0b8096000-7fe0b80af000 r--p 0005b000 103:05 1048699                   /tmp/lwjgl_cillian/3.3.3+5/x64/liblwjgl.so
7fe0b80af000-7fe0b80b0000 r--p 00073000 103:05 1048699                   /tmp/lwjgl_cillian/3.3.3+5/x64/liblwjgl.so
7fe0b80b0000-7fe0b80b1000 rw-p 00074000 103:05 1048699                   /tmp/lwjgl_cillian/3.3.3+5/x64/liblwjgl.so
7fe0b80b1000-7fe0b818d000 rw-p 00000000 00:00 0 
7fe0b818d000-7fe0b818e000 ---p 00000000 00:00 0 
7fe0b818e000-7fe0b828e000 rw-p 00000000 00:00 0 
7fe0b828e000-7fe0b828f000 ---p 00000000 00:00 0 
7fe0b828f000-7fe0b8870000 rw-p 00000000 00:00 0 
7fe0b8870000-7fe0bb240000 ---p 00000000 00:00 0 
7fe0bb240000-7fe0bb248000 rw-p 00000000 00:00 0 
7fe0bb248000-7fe0bc248000 ---p 00000000 00:00 0 
7fe0bc248000-7fe0bc628000 rw-p 00000000 00:00 0 
7fe0bc628000-7fe0beff8000 ---p 00000000 00:00 0 
7fe0beff8000-7fe0bf000000 rw-p 00000000 00:00 0 
7fe0bf000000-7fe0c0000000 ---p 00000000 00:00 0 
7fe0c0000000-7fe0c0021000 rw-p 00000000 00:00 0 
7fe0c0021000-7fe0c4000000 ---p 00000000 00:00 0 
7fe0c4000000-7fe0c4001000 r--p 00000000 103:05 1181807                   /usr/lib/x86_64-linux-gnu/libX11-xcb.so.1.0.0
7fe0c4001000-7fe0c4002000 r-xp 00001000 103:05 1181807                   /usr/lib/x86_64-linux-gnu/libX11-xcb.so.1.0.0
7fe0c4002000-7fe0c4003000 r--p 00002000 103:05 1181807                   /usr/lib/x86_64-linux-gnu/libX11-xcb.so.1.0.0
7fe0c4003000-7fe0c4004000 r--p 00002000 103:05 1181807                   /usr/lib/x86_64-linux-gnu/libX11-xcb.so.1.0.0
7fe0c4004000-7fe0c4005000 rw-p 00003000 103:05 1181807                   /usr/lib/x86_64-linux-gnu/libX11-xcb.so.1.0.0
7fe0c4005000-7fe0c4036000 rw-p 00000000 00:00 0 
7fe0c4036000-7fe0c403a000 r--p 00000000 103:05 1195311                   /usr/lib/jvm/java-11-openjdk-amd64/lib/libnet.so
7fe0c403a000-7fe0c4048000 r-xp 00004000 103:05 1195311                   /usr/lib/jvm/java-11-openjdk-amd64/lib/libnet.so
7fe0c4048000-7fe0c404c000 r--p 00012000 103:05 1195311                   /usr/lib/jvm/java-11-openjdk-amd64/lib/libnet.so
7fe0c404c000-7fe0c404d000 r--p 00015000 103:05 1195311                   /usr/lib/jvm/java-11-openjdk-amd64/lib/libnet.so
7fe0c404d000-7fe0c404e000 rw-p 00016000 103:05 1195311                   /usr/lib/jvm/java-11-openjdk-amd64/lib/libnet.so
7fe0c404e000-7fe0c47bf000 rw-p 00000000 00:00 0 
7fe0c47bf000-7fe0c4a2f000 rwxp 00000000 00:00 0 
7fe0c4a2f000-7fe0c4d50000 ---p 00000000 00:00 0 
7fe0c4d50000-7fe0c4fc0000 rwxp 00000000 00:00 0 
7fe0c4fc0000-7fe0cc287000 ---p 00000000 00:00 0 
7fe0cc287000-7fe0cc4f7000 rwxp 00000000 00:00 0 
7fe0cc4f7000-7fe0d37bf000 ---p 00000000 00:00 0 
7fe0d37bf000-7fe0dc000000 r--s 00000000 103:05 1195321                   /usr/lib/jvm/java-11-openjdk-amd64/lib/modules
7fe0dc000000-7fe0dce81000 rw-p 00000000 00:00 0 
7fe0dce81000-7fe0e0000000 ---p 00000000 00:00 0 
7fe0e0000000-7fe0e0001000 rw-s 104340000 00:0e 13531                     anon_inode:i915.gem
7fe0e0001000-7fe0e0002000 r--p 00000000 103:05 1187626                   /usr/lib/x86_64-linux-gnu/libXinerama.so.1.0.0
7fe0e0002000-7fe0e0003000 r-xp 00001000 103:05 1187626                   /usr/lib/x86_64-linux-gnu/libXinerama.so.1.0.0
7fe0e0003000-7fe0e0004000 r--p 00002000 103:05 1187626                   /usr/lib/x86_64-linux-gnu/libXinerama.so.1.0.0
7fe0e0004000-7fe0e0005000 r--p 00002000 103:05 1187626                   /usr/lib/x86_64-linux-gnu/libXinerama.so.1.0.0
7fe0e0005000-7fe0e0006000 rw-p 00003000 103:05 1187626                   /usr/lib/x86_64-linux-gnu/libXinerama.so.1.0.0
7fe0e0006000-7fe0e0007000 r--p 00000000 103:05 1187603                   /usr/lib/x86_64-linux-gnu/libXau.so.6.0.0
7fe0e0007000-7fe0e0009000 r-xp 00001000 103:05 1187603                   /usr/lib/x86_64-linux-gnu/libXau.so.6.0.0
7fe0e0009000-7fe0e000a000 r--p 00003000 103:05 1187603                   /usr/lib/x86_64-linux-gnu/libXau.so.6.0.0
7fe0e000a000-7fe0e000b000 r--p 00003000 103:05 1187603                   /usr/lib/x86_64-linux-gnu/libXau.so.6.0.0
7fe0e000b000-7fe0e000c000 rw-p 00004000 103:05 1187603                   /usr/lib/x86_64-linux-gnu/libXau.so.6.0.0
7fe0e000c000-7fe0e0013000 r--p 00000000 103:05 1195312                   /usr/lib/jvm/java-11-openjdk-amd64/lib/libnio.so
7fe0e0013000-7fe0e001b000 r-xp 00007000 103:05 1195312                   /usr/lib/jvm/java-11-openjdk-amd64/lib/libnio.so
7fe0e001b000-7fe0e001e000 r--p 0000f000 103:05 1195312                   /usr/lib/jvm/java-11-openjdk-amd64/lib/libnio.so
7fe0e001e000-7fe0e001f000 r--p 00011000 103:05 1195312                   /usr/lib/jvm/java-11-openjdk-amd64/lib/libnio.so
7fe0e001f000-7fe0e0020000 rw-p 00012000 103:05 1195312                   /usr/lib/jvm/java-11-openjdk-amd64/lib/libnio.so
7fe0e0020000-7fe0e0021000 ---p 00000000 00:00 0 
7fe0e0021000-7fe0e0121000 rw-p 00000000 00:00 0 
7fe0e0121000-7fe0e0122000 ---p 00000000 00:00 0 
7fe0e0122000-7fe0e039d000 rw-p 00000000 00:00 0 
7fe0e039d000-7fe0e08d7000 ---p 00000000 00:00 0 
7fe0e08d7000-7fe0e08d8000 rw-p 00000000 00:00 0 
7fe0e08d8000-7fe0e0ad8000 ---p 00000000 00:00 0 
7fe0e0ad8000-7fe0e0b54000 rw-p 00000000 00:00 0 
7fe0e0b54000-7fe0e108e000 ---p 00000000 00:00 0 
7fe0e108e000-7fe0e108f000 rw-p 00000000 00:00 0 
7fe0e108f000-7fe0e128f000 ---p 00000000 00:00 0 
7fe0e128f000-7fe0e130b000 rw-p 00000000 00:00 0 
7fe0e130b000-7fe0e1845000 ---p 00000000 00:00 0 
7fe0e1845000-7fe0e1846000 rw-p 00000000 00:00 0 
7fe0e1846000-7fe0e1a46000 ---p 00000000 00:00 0 
7fe0e1a46000-7fe0e224e000 rw-p 00000000 00:00 0 
7fe0e224e000-7fe0e224f000 ---p 00000000 00:00 0 
7fe0e224f000-7fe0e2354000 rw-p 00000000 00:00 0 
7fe0e2354000-7fe0e243a000 ---p 00000000 00:00 0 
7fe0e243a000-7fe0e243f000 rw-p 00000000 00:00 0 
7fe0e243f000-7fe0e2525000 ---p 00000000 00:00 0 
7fe0e2525000-7fe0e252a000 rw-p 00000000 00:00 0 
7fe0e252a000-7fe0e2531000 ---p 00000000 00:00 0 
7fe0e2531000-7fe0e2534000 r--p 00000000 103:05 1181826                   /usr/lib/x86_64-linux-gnu/libnss_files-2.31.so
7fe0e2534000-7fe0e253b000 r-xp 00003000 103:05 1181826                   /usr/lib/x86_64-linux-gnu/libnss_files-2.31.so
7fe0e253b000-7fe0e253d000 r--p 0000a000 103:05 1181826                   /usr/lib/x86_64-linux-gnu/libnss_files-2.31.so
7fe0e253d000-7fe0e253e000 r--p 0000b000 103:05 1181826                   /usr/lib/x86_64-linux-gnu/libnss_files-2.31.so
7fe0e253e000-7fe0e253f000 rw-p 0000c000 103:05 1181826                   /usr/lib/x86_64-linux-gnu/libnss_files-2.31.so
7fe0e253f000-7fe0e2545000 rw-p 00000000 00:00 0 
7fe0e2545000-7fe0e2546000 r-xp 00059000 103:05 1048699                   /tmp/lwjgl_cillian/3.3.3+5/x64/liblwjgl.so
7fe0e2546000-7fe0e2547000 rw-p 00000000 00:00 0 
7fe0e2547000-7fe0e2549000 r--p 00000000 103:05 1195320                   /usr/lib/jvm/java-11-openjdk-amd64/lib/libzip.so
7fe0e2549000-7fe0e254e000 r-xp 00002000 103:05 1195320                   /usr/lib/jvm/java-11-openjdk-amd64/lib/libzip.so
7fe0e254e000-7fe0e2550000 r--p 00007000 103:05 1195320                   /usr/lib/jvm/java-11-openjdk-amd64/lib/libzip.so
7fe0e2550000-7fe0e2551000 r--p 00008000 103:05 1195320                   /usr/lib/jvm/java-11-openjdk-amd64/lib/libzip.so
7fe0e2551000-7fe0e2552000 rw-p 00009000 103:05 1195320                   /usr/lib/jvm/java-11-openjdk-amd64/lib/libzip.so
7fe0e2552000-7fe0e255a000 rw-s 00000000 103:05 1048758                   /tmp/hsperfdata_cillian/135191
7fe0e255a000-7fe0e255c000 r--p 00000000 103:05 1195303                   /usr/lib/jvm/java-11-openjdk-amd64/lib/libjimage.so
7fe0e255c000-7fe0e255f000 r-xp 00002000 103:05 1195303                   /usr/lib/jvm/java-11-openjdk-amd64/lib/libjimage.so
7fe0e255f000-7fe0e2560000 r--p 00005000 103:05 1195303                   /usr/lib/jvm/java-11-openjdk-amd64/lib/libjimage.so
7fe0e2560000-7fe0e2561000 ---p 00006000 103:05 1195303                   /usr/lib/jvm/java-11-openjdk-amd64/lib/libjimage.so
7fe0e2561000-7fe0e2562000 r--p 00006000 103:05 1195303                   /usr/lib/jvm/java-11-openjdk-amd64/lib/libjimage.so
7fe0e2562000-7fe0e2563000 rw-p 00007000 103:05 1195303                   /usr/lib/jvm/java-11-openjdk-amd64/lib/libjimage.so
7fe0e2563000-7fe0e2571000 r--p 00000000 103:05 1195300                   /usr/lib/jvm/java-11-openjdk-amd64/lib/libjava.so
7fe0e2571000-7fe0e2587000 r-xp 0000e000 103:05 1195300                   /usr/lib/jvm/java-11-openjdk-amd64/lib/libjava.so
7fe0e2587000-7fe0e258e000 r--p 00024000 103:05 1195300                   /usr/lib/jvm/java-11-openjdk-amd64/lib/libjava.so
7fe0e258e000-7fe0e258f000 r--p 0002a000 103:05 1195300                   /usr/lib/jvm/java-11-openjdk-amd64/lib/libjava.so
7fe0e258f000-7fe0e2590000 rw-p 0002b000 103:05 1195300                   /usr/lib/jvm/java-11-openjdk-amd64/lib/libjava.so
7fe0e2590000-7fe0e2591000 rw-p 00000000 00:00 0 
7fe0e2591000-7fe0e2593000 r--p 00000000 103:05 1181833                   /usr/lib/x86_64-linux-gnu/librt-2.31.so
7fe0e2593000-7fe0e2597000 r-xp 00002000 103:05 1181833                   /usr/lib/x86_64-linux-gnu/librt-2.31.so
7fe0e2597000-7fe0e2599000 r--p 00006000 103:05 1181833                   /usr/lib/x86_64-linux-gnu/librt-2.31.so
7fe0e2599000-7fe0e259a000 r--p 00007000 103:05 1181833                   /usr/lib/x86_64-linux-gnu/librt-2.31.so
7fe0e259a000-7fe0e259b000 rw-p 00008000 103:05 1181833                   /usr/lib/x86_64-linux-gnu/librt-2.31.so
7fe0e259b000-7fe0e259f000 ---p 00000000 00:00 0 
7fe0e259f000-7fe0e269c000 rw-p 00000000 00:00 0 
7fe0e269c000-7fe0e269f000 r--p 00000000 103:05 1180119                   /usr/lib/x86_64-linux-gnu/libgcc_s.so.1
7fe0e269f000-7fe0e26b1000 r-xp 00003000 103:05 1180119                   /usr/lib/x86_64-linux-gnu/libgcc_s.so.1
7fe0e26b1000-7fe0e26b5000 r--p 00015000 103:05 1180119                   /usr/lib/x86_64-linux-gnu/libgcc_s.so.1
7fe0e26b5000-7fe0e26b6000 r--p 00018000 103:05 1180119                   /usr/lib/x86_64-linux-gnu/libgcc_s.so.1
7fe0e26b6000-7fe0e26b7000 rw-p 00019000 103:05 1180119                   /usr/lib/x86_64-linux-gnu/libgcc_s.so.1
7fe0e26b7000-7fe0e26c4000 r--p 00000000 103:05 1180129                   /usr/lib/x86_64-linux-gnu/libm-2.31.so
7fe0e26c4000-7fe0e276b000 r-xp 0000d000 103:05 1180129                   /usr/lib/x86_64-linux-gnu/libm-2.31.so
7fe0e276b000-7fe0e2804000 r--p 000b4000 103:05 1180129                   /usr/lib/x86_64-linux-gnu/libm-2.31.so
7fe0e2804000-7fe0e2805000 r--p 0014c000 103:05 1180129                   /usr/lib/x86_64-linux-gnu/libm-2.31.so
7fe0e2805000-7fe0e2806000 rw-p 0014d000 103:05 1180129                   /usr/lib/x86_64-linux-gnu/libm-2.31.so
7fe0e2806000-7fe0e289c000 r--p 00000000 103:05 1180120                   /usr/lib/x86_64-linux-gnu/libstdc++.so.6.0.28
7fe0e289c000-7fe0e298d000 r-xp 00096000 103:05 1180120                   /usr/lib/x86_64-linux-gnu/libstdc++.so.6.0.28
7fe0e298d000-7fe0e29d6000 r--p 00187000 103:05 1180120                   /usr/lib/x86_64-linux-gnu/libstdc++.so.6.0.28
7fe0e29d6000-7fe0e29d7000 ---p 001d0000 103:05 1180120                   /usr/lib/x86_64-linux-gnu/libstdc++.so.6.0.28
7fe0e29d7000-7fe0e29e2000 r--p 001d0000 103:05 1180120                   /usr/lib/x86_64-linux-gnu/libstdc++.so.6.0.28
7fe0e29e2000-7fe0e29e5000 rw-p 001db000 103:05 1180120                   /usr/lib/x86_64-linux-gnu/libstdc++.so.6.0.28
7fe0e29e5000-7fe0e29e8000 rw-p 00000000 00:00 0 
7fe0e29e8000-7fe0e2c6b000 r--p 00000000 103:05 1195326                   /usr/lib/jvm/java-11-openjdk-amd64/lib/server/libjvm.so
7fe0e2c6b000-7fe0e38fd000 r-xp 00283000 103:05 1195326                   /usr/lib/jvm/java-11-openjdk-amd64/lib/server/libjvm.so
7fe0e38fd000-7fe0e3b5f000 r--p 00f15000 103:05 1195326                   /usr/lib/jvm/java-11-openjdk-amd64/lib/server/libjvm.so
7fe0e3b5f000-7fe0e3c23000 r--p 01176000 103:05 1195326                   /usr/lib/jvm/java-11-openjdk-amd64/lib/server/libjvm.so
7fe0e3c23000-7fe0e3c5e000 rw-p 0123a000 103:05 1195326                   /usr/lib/jvm/java-11-openjdk-amd64/lib/server/libjvm.so
7fe0e3c5e000-7fe0e3cb7000 rw-p 00000000 00:00 0 
7fe0e3cb7000-7fe0e3cd9000 r--p 00000000 103:05 1180126                   /usr/lib/x86_64-linux-gnu/libc-2.31.so
7fe0e3cd9000-7fe0e3e51000 r-xp 00022000 103:05 1180126                   /usr/lib/x86_64-linux-gnu/libc-2.31.so
7fe0e3e51000-7fe0e3e9f000 r--p 0019a000 103:05 1180126                   /usr/lib/x86_64-linux-gnu/libc-2.31.so
7fe0e3e9f000-7fe0e3ea3000 r--p 001e7000 103:05 1180126                   /usr/lib/x86_64-linux-gnu/libc-2.31.so
7fe0e3ea3000-7fe0e3ea5000 rw-p 001eb000 103:05 1180126                   /usr/lib/x86_64-linux-gnu/libc-2.31.so
7fe0e3ea5000-7fe0e3ea9000 rw-p 00000000 00:00 0 
7fe0e3ea9000-7fe0e3eaa000 r--p 00000000 103:05 1180128                   /usr/lib/x86_64-linux-gnu/libdl-2.31.so
7fe0e3eaa000-7fe0e3eac000 r-xp 00001000 103:05 1180128                   /usr/lib/x86_64-linux-gnu/libdl-2.31.so
7fe0e3eac000-7fe0e3ead000 r--p 00003000 103:05 1180128                   /usr/lib/x86_64-linux-gnu/libdl-2.31.so
7fe0e3ead000-7fe0e3eae000 r--p 00003000 103:05 1180128                   /usr/lib/x86_64-linux-gnu/libdl-2.31.so
7fe0e3eae000-7fe0e3eaf000 rw-p 00004000 103:05 1180128                   /usr/lib/x86_64-linux-gnu/libdl-2.31.so
7fe0e3eaf000-7fe0e3eb2000 r--p 00000000 103:05 1195285                   /usr/lib/jvm/java-11-openjdk-amd64/lib/jli/libjli.so
7fe0e3eb2000-7fe0e3ebc000 r-xp 00003000 103:05 1195285                   /usr/lib/jvm/java-11-openjdk-amd64/lib/jli/libjli.so
7fe0e3ebc000-7fe0e3ebf000 r--p 0000d000 103:05 1195285                   /usr/lib/jvm/java-11-openjdk-amd64/lib/jli/libjli.so
7fe0e3ebf000-7fe0e3ec0000 ---p 00010000 103:05 1195285                   /usr/lib/jvm/java-11-openjdk-amd64/lib/jli/libjli.so
7fe0e3ec0000-7fe0e3ec1000 r--p 00010000 103:05 1195285                   /usr/lib/jvm/java-11-openjdk-amd64/lib/jli/libjli.so
7fe0e3ec1000-7fe0e3ec2000 rw-p 00011000 103:05 1195285                   /usr/lib/jvm/java-11-openjdk-amd64/lib/jli/libjli.so
7fe0e3ec2000-7fe0e3ec8000 r--p 00000000 103:05 1181831                   /usr/lib/x86_64-linux-gnu/libpthread-2.31.so
7fe0e3ec8000-7fe0e3ed9000 r-xp 00006000 103:05 1181831                   /usr/lib/x86_64-linux-gnu/libpthread-2.31.so
7fe0e3ed9000-7fe0e3edf000 r--p 00017000 103:05 1181831                   /usr/lib/x86_64-linux-gnu/libpthread-2.31.so
7fe0e3edf000-7fe0e3ee0000 r--p 0001c000 103:05 1181831                   /usr/lib/x86_64-linux-gnu/libpthread-2.31.so
7fe0e3ee0000-7fe0e3ee1000 rw-p 0001d000 103:05 1181831                   /usr/lib/x86_64-linux-gnu/libpthread-2.31.so
7fe0e3ee1000-7fe0e3ee5000 rw-p 00000000 00:00 0 
7fe0e3ee5000-7fe0e3ee7000 r--p 00000000 103:05 1179842                   /usr/lib/x86_64-linux-gnu/libz.so.1.2.11
7fe0e3ee7000-7fe0e3ef8000 r-xp 00002000 103:05 1179842                   /usr/lib/x86_64-linux-gnu/libz.so.1.2.11
7fe0e3ef8000-7fe0e3efe000 r--p 00013000 103:05 1179842                   /usr/lib/x86_64-linux-gnu/libz.so.1.2.11
7fe0e3efe000-7fe0e3eff000 ---p 00019000 103:05 1179842                   /usr/lib/x86_64-linux-gnu/libz.so.1.2.11
7fe0e3eff000-7fe0e3f00000 r--p 00019000 103:05 1179842                   /usr/lib/x86_64-linux-gnu/libz.so.1.2.11
7fe0e3f00000-7fe0e3f01000 rw-p 0001a000 103:05 1179842                   /usr/lib/x86_64-linux-gnu/libz.so.1.2.11
7fe0e3f01000-7fe0e3f02000 rw-s 10234f000 00:0e 13531                     anon_inode:i915.gem
7fe0e3f02000-7fe0e3f03000 ---p 00000000 00:00 0 
7fe0e3f03000-7fe0e3f04000 r--p 00000000 00:00 0 
7fe0e3f04000-7fe0e3f09000 r--p 00000000 103:05 1195319                   /usr/lib/jvm/java-11-openjdk-amd64/lib/libverify.so
7fe0e3f09000-7fe0e3f10000 r-xp 00005000 103:05 1195319                   /usr/lib/jvm/java-11-openjdk-amd64/lib/libverify.so
7fe0e3f10000-7fe0e3f12000 r--p 0000c000 103:05 1195319                   /usr/lib/jvm/java-11-openjdk-amd64/lib/libverify.so
7fe0e3f12000-7fe0e3f13000 ---p 0000e000 103:05 1195319                   /usr/lib/jvm/java-11-openjdk-amd64/lib/libverify.so
7fe0e3f13000-7fe0e3f15000 r--p 0000e000 103:05 1195319                   /usr/lib/jvm/java-11-openjdk-amd64/lib/libverify.so
7fe0e3f15000-7fe0e3f16000 rw-p 00010000 103:05 1195319                   /usr/lib/jvm/java-11-openjdk-amd64/lib/libverify.so
7fe0e3f16000-7fe0e3f18000 rw-p 00000000 00:00 0 
7fe0e3f18000-7fe0e3f19000 r--p 00000000 103:05 1180122                   /usr/lib/x86_64-linux-gnu/ld-2.31.so
7fe0e3f19000-7fe0e3f3c000 r-xp 00001000 103:05 1180122                   /usr/lib/x86_64-linux-gnu/ld-2.31.so
7fe0e3f3c000-7fe0e3f44000 r--p 00024000 103:05 1180122                   /usr/lib/x86_64-linux-gnu/ld-2.31.so
7fe0e3f44000-7fe0e3f45000 rw-p 00000000 00:00 0 
7fe0e3f45000-7fe0e3f46000 r--p 0002c000 103:05 1180122                   /usr/lib/x86_64-linux-gnu/ld-2.31.so
7fe0e3f46000-7fe0e3f47000 rw-p 0002d000 103:05 1180122                   /usr/lib/x86_64-linux-gnu/ld-2.31.so
7fe0e3f47000-7fe0e3f48000 rw-p 00000000 00:00 0 
7ffe34065000-7ffe34086000 rw-p 00000000 00:00 0                          [stack]
7ffe3411d000-7ffe34121000 r--p 00000000 00:00 0                          [vvar]
7ffe34121000-7ffe34123000 r-xp 00000000 00:00 0                          [vdso]
ffffffffff600000-ffffffffff601000 --xp 00000000 00:00 0                  [vsyscall]


VM Arguments:
java_command: com.yourname.projectname.lwjgl3.Lwjgl3Launcher
java_class_path (initial): /home/cillian/git/myProject/lwjgl3/build/resources/main:/home/cillian/git/myProject/lwjgl3/build/classes/java/main:/home/cillian/.gradle/caches/modules-2/files-2.1/com.badlogicgames.gdx/gdx-bullet/1.14.0/8d2248e9af7b43588c142d47512590de7d377448/gdx-bullet-1.14.0.jar:/home/cillian/.gradle/caches/modules-2/files-2.1/org.lwjgl/lwjgl-jemalloc/3.3.3/109b6931880d02d4e65ced38928a16e41d19873e/lwjgl-jemalloc-3.3.3-natives-linux-arm32.jar:/home/cillian/.gradle/caches/modules-2/files-2.1/org.lwjgl/lwjgl-opengl/3.3.3/d213ddef27637b1af87961ffa94d6b27036becc8/lwjgl-opengl-3.3.3-natives-macos-arm64.jar:/home/cillian/.gradle/caches/modules-2/files-2.1/com.badlogicgames.gdx/gdx/1.14.0/8accfce8d9313d9ddd23a2c9e315179783085ef2/gdx-1.14.0.jar:/home/cillian/.gradle/caches/modules-2/files-2.1/org.lwjgl/lwjgl-opengl/3.3.3/62c70a4b00ca5391882b0f4b787c1588d24f1c86/lwjgl-opengl-3.3.3-natives-linux.jar:/home/cillian/.gradle/caches/modules-2/files-2.1/org.lwjgl/lwjgl-opengl/3.3.3/2096f6b94b2d68745d858fbfe53aacf5f0c8074c/lwjgl-opengl-3.3.3-natives-linux-arm64.jar:/home/cillian/.gradle/caches/modules-2/files-2.1/org.lwjgl/lwjgl-glfw/3.3.3/d9af485c32545b37dd5359b163161d42d7534dcf/lwjgl-glfw-3.3.3-natives-linux-arm32.jar:/home/cillian/.gradle/caches/modules-2/files-2.1/org.lwjgl/lwjgl-jemalloc/3.3.3/426222fc027602a5f21b9c0fe79cde6a4c7a011f/lwjgl-jemalloc-3.3.3-natives-windows.jar:/home/cillian/.gradle/caches/modules-2/files-2.1/org.lwjgl/lwjgl-stb/3.3.3/fd1271ccd9d85eff2fa31f3fd543e02ccfaf5041/lwjgl-stb-3.3.3-natives-linux.jar:/home/cillian/.gradle/caches/modules-2/files-2.1/org.lwjgl/lwjgl/3.3.3/2075c51a80f0ef0f22ba616ba54007ac2b0debd4/lwjgl-3.3.3-natives-linux-arm32.jar:/home/cillian/.gradle/caches/modules-2/files-2.1/org.lwjgl/lwjgl-opengl/3.3.3/dbba17fc5ac0985d14a57c11f9537617d67b9952/lwjgl-opengl-3.3.3-natives-linux-arm32.jar:/home/cillian/.gradle/caches/modules-2/files-2.1/com.badlogicgames.gdx/gdx-platform/1.14.0/d0ecc53f2c20576f1ba4ac9ba157cf48f7bd9821/gdx-plat
Launcher Type: SUN_STANDARD

[Global flags]
     intx CICompilerCount                          = 4                                         {product} {ergonomic}
     uint ConcGCThreads                            = 2                                         {product} {ergonomic}
     uint G1ConcRefinementThreads                  = 8                                         {product} {ergonomic}
   size_t G1HeapRegionSize                         = 1048576                                   {product} {ergonomic}
    uintx GCDrainStackTargetSize                   = 64                                        {product} {ergonomic}
   size_t InitialHeapSize                          = 260046848                                 {product} {ergonomic}
   size_t MarkStackSize                            = 4194304                                   {product} {ergonomic}
   size_t MaxHeapSize                              = 4141875200                                {product} {ergonomic}
   size_t MaxNewSize                               = 2485125120                                {product} {ergonomic}
   size_t MinHeapDeltaBytes                        = 1048576                                   {product} {ergonomic}
    uintx NonNMethodCodeHeapSize                   = 5836300                                {pd product} {ergonomic}
    uintx NonProfiledCodeHeapSize                  = 122910970                              {pd product} {ergonomic}
    uintx ProfiledCodeHeapSize                     = 122910970                              {pd product} {ergonomic}
    uintx ReservedCodeCacheSize                    = 251658240                              {pd product} {ergonomic}
     bool SegmentedCodeCache                       = true                                      {product} {ergonomic}
     bool UseCompressedClassPointers               = true                                 {lp64_product} {ergonomic}
     bool UseCompressedOops                        = true                                 {lp64_product} {ergonomic}
     bool UseG1GC                                  = true                                      {product} {ergonomic}

Logging:
Log output configuration:
 #0: stdout all=warning uptime,level,tags
 #1: stderr all=off uptime,level,tags

Environment Variables:
PATH=/usr/local/sbin:/usr/local/bin:/usr/sbin:/usr/bin:/sbin:/bin:/usr/games:/usr/local/games:/snap/bin:/home/cillian/.vscode/extensions/vscjava.vscode-java-debug-0.58.5/bundled/scripts/noConfigScripts
USERNAME=cillian
SHELL=/bin/bash
DISPLAY=:0
LANG=en_IE.UTF-8
TERM=xterm-256color

Signal Handlers:
SIGSEGV: [libjvm.so+0xea2a70], sa_mask[0]=11111111011111111101111111111110, sa_flags=SA_RESTART|SA_SIGINFO
SIGBUS: [libjvm.so+0xea2a70], sa_mask[0]=11111111011111111101111111111110, sa_flags=SA_RESTART|SA_SIGINFO
SIGFPE: [libjvm.so+0xea2a70], sa_mask[0]=11111111011111111101111111111110, sa_flags=SA_RESTART|SA_SIGINFO
SIGPIPE: [libjvm.so+0xbe9670], sa_mask[0]=11111111011111111101111111111110, sa_flags=SA_RESTART|SA_SIGINFO
SIGXFSZ: [libjvm.so+0xbe9670], sa_mask[0]=11111111011111111101111111111110, sa_flags=SA_RESTART|SA_SIGINFO
SIGILL: [libjvm.so+0xea2a70], sa_mask[0]=11111111011111111101111111111110, sa_flags=SA_RESTART|SA_SIGINFO
SIGUSR2: [libjvm.so+0xbe9510], sa_mask[0]=00000000000000000000000000000000, sa_flags=SA_RESTART|SA_SIGINFO
SIGHUP: [libjvm.so+0xbe9cd0], sa_mask[0]=11111111011111111101111111111110, sa_flags=SA_RESTART|SA_SIGINFO
SIGINT: [libjvm.so+0xbe9cd0], sa_mask[0]=11111111011111111101111111111110, sa_flags=SA_RESTART|SA_SIGINFO
SIGTERM: [libjvm.so+0xbe9cd0], sa_mask[0]=11111111011111111101111111111110, sa_flags=SA_RESTART|SA_SIGINFO
SIGQUIT: [libjvm.so+0xbe9cd0], sa_mask[0]=11111111011111111101111111111110, sa_flags=SA_RESTART|SA_SIGINFO


---------------  S Y S T E M  ---------------

OS:DISTRIB_ID=Ubuntu
DISTRIB_RELEASE=20.04
DISTRIB_CODENAME=focal
DISTRIB_DESCRIPTION="Ubuntu 20.04.6 LTS"
uname:Linux 5.15.0-139-generic #149~20.04.1-Ubuntu SMP Wed Apr 16 08:29:56 UTC 2025 x86_64
OS uptime: 0 days 3:30 hours
libc:glibc 2.31 NPTL 2.31 
rlimit (soft/hard): STACK 8192k/infinity , CORE 0k/infinity , NPROC 62799/62799 , NOFILE 1048576/1048576 , AS infinity/infinity , CPU infinity/infinity , DATA infinity/infinity , FSIZE infinity/infinity , MEMLOCK 65536k/65536k
load average:4.46 1.98 1.62

/proc/meminfo:
MemTotal:       16176108 kB
MemFree:         4376952 kB
MemAvailable:    7965888 kB
Buffers:          174816 kB
Cached:          4297056 kB
SwapCached:            0 kB
Active:          1199532 kB
Inactive:        9455776 kB
Active(anon):       2796 kB
Inactive(anon):  6939392 kB
Active(file):    1196736 kB
Inactive(file):  2516384 kB
Unevictable:      518964 kB
Mlocked:           13352 kB
SwapTotal:       2097148 kB
SwapFree:        2097148 kB
Dirty:             30364 kB
Writeback:             0 kB
AnonPages:       6702872 kB
Mapped:          1074048 kB
Shmem:            747056 kB
KReclaimable:     214124 kB
Slab:             400212 kB
SReclaimable:     214124 kB
SUnreclaim:       186088 kB
KernelStack:       22252 kB
PageTables:        63316 kB
NFS_Unstable:          0 kB
Bounce:                0 kB
WritebackTmp:          0 kB
CommitLimit:    10185200 kB
Committed_AS:   29083116 kB
VmallocTotal:   34359738367 kB
VmallocUsed:       63656 kB
VmallocChunk:          0 kB
Percpu:             7456 kB
HardwareCorrupted:     0 kB
AnonHugePages:         0 kB
ShmemHugePages:        0 kB
ShmemPmdMapped:        0 kB
FileHugePages:         0 kB
FilePmdMapped:         0 kB
HugePages_Total:       0
HugePages_Free:        0
HugePages_Rsvd:        0
HugePages_Surp:        0
Hugepagesize:       2048 kB
Hugetlb:               0 kB
DirectMap4k:      443016 kB
DirectMap2M:    14039040 kB
DirectMap1G:     3145728 kB

/sys/kernel/mm/transparent_hugepage/enabled:
always [madvise] never
/sys/kernel/mm/transparent_hugepage/defrag (defrag/compaction efforts parameter):
always defer defer+madvise [madvise] never

Process Memory:
Virtual Size: 8067876K (peak: 15554380K)
Resident Set Size: 157432K (peak: 157432K) (anon: 88076K, file: 69356K, shmem: 0K)
Swapped out: 0K
C-Heap outstanding allocations: 50177K, retained: 8554K
glibc malloc tunables: (default)

/proc/sys/kernel/threads-max (system-wide limit on the number of threads):
125599
/proc/sys/vm/max_map_count (maximum number of memory map areas a process may have):
65530
/proc/sys/kernel/pid_max (system-wide limit on number of process identifiers):
4194304

container (cgroup) information:
container_type: cgroupv1
cpu_cpuset_cpus: 0-7
cpu_memory_nodes: 0
active_processor_count: 8
cpu_quota: no quota
cpu_period: 100000
cpu_shares: no shares
memory_limit_in_bytes: unlimited
memory_and_swap_limit_in_bytes: unlimited
memory_soft_limit_in_bytes: unlimited
memory_usage_in_bytes: 9652724 k
memory_max_usage_in_bytes: 10959580 k
kernel_memory_limit_in_bytes: unlimited
kernel_memory_usage_in_bytes: 250708 k
kernel_memory_max_usage_in_bytes: 259192 k
maximum number of tasks: unlimited
current number of tasks: 1083

Steal ticks since vm start: 0
Steal ticks percentage since vm start:  0.000

CPU:total 8 (initial active 8) (4 cores per cpu, 2 threads per core) family 6 model 142 stepping 12 microcode 0x100, cmov, cx8, fxsr, mmx, sse, sse2, sse3, ssse3, sse4.1, sse4.2, popcnt, avx, avx2, aes, clmul, erms, rtm, 3dnowpref, lzcnt, ht, tsc, tscinvbit, bmi1, bmi2, adx, fma
CPU Model and flags from /proc/cpuinfo:
model name	: Intel(R) Core(TM) i7-8665U CPU @ 1.90GHz
flags		: fpu vme de pse tsc msr pae mce cx8 apic sep mtrr pge mca cmov pat pse36 clflush dts acpi mmx fxsr sse sse2 ss ht tm pbe syscall nx pdpe1gb rdtscp lm constant_tsc art arch_perfmon pebs bts rep_good nopl xtopology nonstop_tsc cpuid aperfmperf pni pclmulqdq dtes64 monitor ds_cpl vmx smx est tm2 ssse3 sdbg fma cx16 xtpr pdcm pcid sse4_1 sse4_2 x2apic movbe popcnt tsc_deadline_timer aes xsave avx f16c rdrand lahf_lm abm 3dnowprefetch cpuid_fault epb invpcid_single ssbd ibrs ibpb stibp ibrs_enhanced tpr_shadow vnmi flexpriority ept vpid ept_ad fsgsbase tsc_adjust bmi1 avx2 smep bmi2 erms invpcid mpx rdseed adx smap clflushopt intel_pt xsaveopt xsavec xgetbv1 xsaves dtherm ida arat pln pts hwp hwp_notify hwp_act_window hwp_epp md_clear flush_l1d arch_capabilities
Online cpus:
0-7
Offline cpus:

BIOS frequency limitation:
<Not Available>
Frequency switch latency (ns):
0
Available cpu frequencies:
<Not Available>
Current governor:
powersave
Core performance/turbo boost:
<Not Available>

Memory: 4k page, physical 16176108k(4377240k free), swap 2097148k(2097148k free)

vm_info: OpenJDK 64-Bit Server VM (11.0.27+6-post-Ubuntu-0ubuntu120.04) for linux-amd64 JRE (11.0.27+6-post-Ubuntu-0ubuntu120.04), built on Apr 21 2025 05:55:25 by "unknown" with gcc 10.5.0

END.
